"","name","yearCor","spp","site","siteplot","sampleType","BAI"
"1","ALNINC_GR11_P1",2017,"ALNINC","GR","GR11","cookies",11.5144207550115
"2","ALNINC_GR11_P1",2018,"ALNINC","GR","GR11","cookies",185.994074107444
"3","ALNINC_GR11_P15",2018,"ALNINC","GR","GR11","cookies",63.9795887507386
"4","ALNINC_GR11_P1",2019,"ALNINC","GR","GR11","cookies",281.118606963403
"5","ALNINC_GR11_P15",2019,"ALNINC","GR","GR11","cookies",149.035506192045
"6","ALNINC_GR11_P1",2020,"ALNINC","GR","GR11","cookies",184.658393192543
"7","ALNINC_GR11_P15",2020,"ALNINC","GR","GR11","cookies",165.069082050634
"8","ALNINC_GR11_P1",2021,"ALNINC","GR","GR11","cookies",514.224991257388
"9","ALNINC_GR11_P15",2021,"ALNINC","GR","GR11","cookies",368.650634952566
"10","ALNINC_GR11_P1",2022,"ALNINC","GR","GR11","cookies",201.994545077399
"11","ALNINC_GR11_P15",2022,"ALNINC","GR","GR11","cookies",144.110309495217
"12","ALNINC_GR11A_P3",2017,"ALNINC","GR","GR11A","cookies",10.9016425102896
"13","ALNINC_GR11A_P3",2018,"ALNINC","GR","GR11A","cookies",151.637280194717
"14","ALNINC_GR11A_P3",2019,"ALNINC","GR","GR11A","cookies",264.47157725012
"15","ALNINC_GR11A_P3",2020,"ALNINC","GR","GR11A","cookies",208.677003311736
"16","ALNINC_GR11A_P3",2021,"ALNINC","GR","GR11A","cookies",337.330032254591
"17","ALNINC_GR11A_P3",2022,"ALNINC","GR","GR11A","cookies",199.760302899565
"18","BETALL_GR12_P3",2016,"BETALL","GR","GR12","cookies",10.5841058233885
"19","BETALL_GR12_P1",2017,"BETALL","GR","GR12","cookies",17.2814274771132
"20","BETALL_GR12_P3",2017,"BETALL","GR","GR12","cookies",24.0881979463229
"21","BETALL_GR12_P1",2018,"BETALL","GR","GR12","cookies",75.2507899157833
"22","BETALL_GR12_P3",2018,"BETALL","GR","GR12","cookies",153.899222381408
"23","BETALL_GR12_P1",2019,"BETALL","GR","GR12","cookies",246.410495865169
"24","BETALL_GR12_P3",2019,"BETALL","GR","GR12","cookies",254.910344924536
"25","BETALL_GR12_P1",2020,"BETALL","GR","GR12","cookies",285.732347463079
"26","BETALL_GR12_P3",2020,"BETALL","GR","GR12","cookies",92.2484612046019
"27","BETALL_GR12_P1",2021,"BETALL","GR","GR12","cookies",825.901437260231
"28","BETALL_GR12_P3",2021,"BETALL","GR","GR12","cookies",130.421775849891
"29","BETALL_GR12_P1",2022,"BETALL","GR","GR12","cookies",316.119932789542
"30","BETALL_GR12_P3",2022,"BETALL","GR","GR12","cookies",111.461457592035
"31","BETALL_GR12_P1",2023,"BETALL","GR","GR12","cookies",716.161433877184
"32","BETALL_GR13_P1",2016,"BETALL","GR","GR13","cookies",16.5531199271571
"33","BETALL_GR13_P15",2016,"BETALL","GR","GR13","cookies",25.1468787726506
"34","BETALL_GR13_P2",2016,"BETALL","GR","GR13","cookies",9.19640294063352
"35","BETALL_GR13_P1",2017,"BETALL","GR","GR13","cookies",12.3440698007872
"36","BETALL_GR13_P15",2017,"BETALL","GR","GR13","cookies",83.7945536233393
"37","BETALL_GR13_P2",2017,"BETALL","GR","GR13","cookies",64.6484426231473
"38","BETALL_GR13_P1",2018,"BETALL","GR","GR13","cookies",111.530369809192
"39","BETALL_GR13_P15",2018,"BETALL","GR","GR13","cookies",60.0205143140568
"40","BETALL_GR13_P2",2018,"BETALL","GR","GR13","cookies",227.475850786254
"41","BETALL_GR13_P1",2019,"BETALL","GR","GR13","cookies",123.226529646707
"42","BETALL_GR13_P15",2019,"BETALL","GR","GR13","cookies",85.0518637814732
"43","BETALL_GR13_P2",2019,"BETALL","GR","GR13","cookies",460.222810575065
"44","BETALL_GR13_P1",2020,"BETALL","GR","GR13","cookies",212.036811703139
"45","BETALL_GR13_P15",2020,"BETALL","GR","GR13","cookies",22.9247975743151
"46","BETALL_GR13_P2",2020,"BETALL","GR","GR13","cookies",309.365859898158
"47","BETALL_GR13_P1",2021,"BETALL","GR","GR13","cookies",790.592708896774
"48","BETALL_GR13_P15",2021,"BETALL","GR","GR13","cookies",204.918585036777
"49","BETALL_GR13_P2",2021,"BETALL","GR","GR13","cookies",970.703571366909
"50","BETALL_GR13_P1",2022,"BETALL","GR","GR13","cookies",310.347521187663
"51","BETALL_GR13_P15",2022,"BETALL","GR","GR13","cookies",76.9033319076133
"52","BETALL_GR13_P2",2022,"BETALL","GR","GR13","cookies",1154.24788371541
"53","BETALL_GR13_P1",2023,"BETALL","GR","GR13","cookies",500.506055163317
"54","BETALL_GR13_P2",2023,"BETALL","GR","GR13","cookies",748.2785807323
"55","BETALL_GR14_P15",2017,"BETALL","GR","GR14","cookies",6.2838483507811
"56","BETALL_GR14_P15",2018,"BETALL","GR","GR14","cookies",15.5525415584325
"57","BETALL_GR14_P15",2019,"BETALL","GR","GR14","cookies",14.8661218267485
"58","BETALL_GR14_P15",2020,"BETALL","GR","GR14","cookies",126.483645322345
"59","BETALL_GR14_P15",2021,"BETALL","GR","GR14","cookies",263.781779468575
"60","BETALL_GR14_P15",2022,"BETALL","GR","GR14","cookies",207.017705220185
"61","BETPOP_GR3_P16",2019,"BETPOP","GR","GR3","cookies",8.83832965540462
"62","BETPOP_GR3_P16",2020,"BETPOP","GR","GR3","cookies",140.826169420693
"63","BETPOP_GR3_P16",2021,"BETPOP","GR","GR3","cookies",891.371421609488
"64","BETPOP_GR3_P16",2022,"BETPOP","GR","GR3","cookies",2286.94718736973
"65","BETPOP_GR5_P6",2016,"BETPOP","GR","GR5","cookies",4.48672582491531
"66","BETPOP_GR5_P6",2017,"BETPOP","GR","GR5","cookies",71.7295107410418
"67","BETPOP_GR5_P1",2018,"BETPOP","GR","GR5","cookies",4.14216473912901
"68","BETPOP_GR5_P6",2018,"BETPOP","GR","GR5","cookies",311.115014116003
"69","BETPOP_GR5_P1",2019,"BETPOP","GR","GR5","cookies",149.59220880908
"70","BETPOP_GR5_P6",2019,"BETPOP","GR","GR5","cookies",347.776989253637
"71","BETPOP_GR5_P1",2020,"BETPOP","GR","GR5","cookies",966.795843288109
"72","BETPOP_GR5_P6",2020,"BETPOP","GR","GR5","cookies",153.878278472272
"73","BETPOP_GR5_P1",2021,"BETPOP","GR","GR5","cookies",723.097921461042
"74","BETPOP_GR5_P6",2021,"BETPOP","GR","GR5","cookies",166.874311896165
"75","BETPOP_GR5_P1",2022,"BETPOP","GR","GR5","cookies",157.872484627505
"76","BETPOP_GR5_P6",2022,"BETPOP","GR","GR5","cookies",105.951182659342
"77","BETPOP_GR5_P6",2023,"BETPOP","GR","GR5","cookies",329.281490656606
"78","BETPAP_GR5A_P2",2019,"BETPAP","GR","GR5A","cookies",30.0092437420702
"79","BETPAP_GR5A_P2",2020,"BETPAP","GR","GR5A","cookies",142.385477236369
"80","BETPAP_GR5A_P2",2021,"BETPAP","GR","GR5A","cookies",128.544931347314
"81","BETPAP_GR5A_P2",2022,"BETPAP","GR","GR5A","cookies",25.6900691902432
"82","BETPOP_GR5A_P3",2016,"BETPOP","GR","GR5A","cookies",6.9324339240259
"83","BETPOP_GR5A_P12",2017,"BETPOP","GR","GR5A","cookies",11.4171329190248
"84","BETPOP_GR5A_P3",2017,"BETPOP","GR","GR5A","cookies",132.62899362884
"85","BETPOP_GR5A_P12",2018,"BETPOP","GR","GR5A","cookies",131.527073764296
"86","BETPOP_GR5A_P3",2018,"BETPOP","GR","GR5A","cookies",477.173864775807
"87","BETPOP_GR5A_P12",2019,"BETPOP","GR","GR5A","cookies",178.142135011349
"88","BETPOP_GR5A_P3",2019,"BETPOP","GR","GR5A","cookies",486.614838526352
"89","BETPOP_GR5A_P12",2020,"BETPOP","GR","GR5A","cookies",350.057172909576
"90","BETPOP_GR5A_P3",2020,"BETPOP","GR","GR5A","cookies",45.1503388274757
"91","BETPOP_GR5A_P12",2021,"BETPOP","GR","GR5A","cookies",858.212484177348
"92","BETPOP_GR5A_P3",2021,"BETPOP","GR","GR5A","cookies",80.9326697813966
"93","BETPOP_GR5A_P12",2022,"BETPOP","GR","GR5A","cookies",328.837614904917
"94","BETPOP_GR5A_P3",2022,"BETPOP","GR","GR5A","cookies",57.5754818249181
"95","BETPOP_GR5A_P12",2023,"BETPOP","GR","GR5A","cookies",657.852239622532
"96","BETPOP_GR5A_P3",2023,"BETPOP","GR","GR5A","cookies",126.58971608797
"97","BETPAP_GR5B_P2",2019,"BETPAP","GR","GR5B","cookies",30.3896121563794
"98","BETPAP_GR5B_P2",2020,"BETPAP","GR","GR5B","cookies",144.725114569855
"99","BETPAP_GR5B_P2",2021,"BETPAP","GR","GR5B","cookies",130.273817265995
"100","BETPAP_GR5B_P2",2022,"BETPAP","GR","GR5B","cookies",27.4027404695927
"101","BETPOP_GR5B_P12",2017,"BETPOP","GR","GR5B","cookies",42.3600696425787
"102","BETPOP_GR5B_P3",2017,"BETPOP","GR","GR5B","cookies",80.0246499788539
"103","BETPOP_GR5B_P12",2018,"BETPOP","GR","GR5B","cookies",252.10115866042
"104","BETPOP_GR5B_P3",2018,"BETPOP","GR","GR5B","cookies",775.492826019668
"105","BETPOP_GR5B_P12",2019,"BETPOP","GR","GR5B","cookies",318.092038298189
"106","BETPOP_GR5B_P3",2019,"BETPOP","GR","GR5B","cookies",782.016515910555
"107","BETPOP_GR5B_P12",2020,"BETPOP","GR","GR5B","cookies",524.490884783903
"108","BETPOP_GR5B_P3",2020,"BETPOP","GR","GR5B","cookies",269.12788117804
"109","BETPOP_GR5B_P12",2021,"BETPOP","GR","GR5B","cookies",950.113681856275
"110","BETPOP_GR5B_P3",2021,"BETPOP","GR","GR5B","cookies",301.613235467967
"111","BETPOP_GR5B_P12",2022,"BETPOP","GR","GR5B","cookies",327.948512181594
"112","BETPOP_GR5B_P3",2022,"BETPOP","GR","GR5B","cookies",232.408479192774
"113","BETPOP_GR5B_P12",2023,"BETPOP","GR","GR5B","cookies",878.532805309102
"114","BETPOP_GR5B_P3",2023,"BETPOP","GR","GR5B","cookies",671.388085414156
"115","BETPOP_GR5C_P12",2017,"BETPOP","GR","GR5C","cookies",12.6670113674653
"116","BETPOP_GR5C_P12",2018,"BETPOP","GR","GR5C","cookies",87.6624207137835
"117","BETPOP_GR5C_P12",2019,"BETPOP","GR","GR5C","cookies",124.133198229305
"118","BETPOP_GR5C_P12",2020,"BETPOP","GR","GR5C","cookies",294.911860154409
"119","BETPOP_GR5C_P12",2021,"BETPOP","GR","GR5C","cookies",368.55064467669
"120","BETPOP_GR5C_P12",2022,"BETPOP","GR","GR5C","cookies",427.80434167238
"121","BETPOP_GR5C_P12",2023,"BETPOP","GR","GR5C","cookies",505.475842118305
"122","ALNINC_GR8_P16",2016,"ALNINC","GR","GR8","cookies",6.99256321154547
"123","ALNINC_GR8_P16",2017,"ALNINC","GR","GR8","cookies",147.270137334869
"124","ALNINC_GR8_P16",2018,"ALNINC","GR","GR8","cookies",252.684210066368
"125","ALNINC_GR8_P16",2019,"ALNINC","GR","GR8","cookies",221.147412177312
"126","ALNINC_GR8_P16",2020,"ALNINC","GR","GR8","cookies",55.1811200836896
"127","ALNINC_GR8_P16",2021,"ALNINC","GR","GR8","cookies",421.186066385394
"128","ALNINC_GR8_P16",2022,"ALNINC","GR","GR8","cookies",119.976170070789
"129","BETPAP_GR8_P6",2018,"BETPAP","GR","GR8","cookies",2.51732275615637
"130","BETPAP_GR8_P6",2019,"BETPAP","GR","GR8","cookies",8.38567097407752
"131","BETPAP_GR8_P6",2020,"BETPAP","GR","GR8","cookies",12.4474381265231
"132","BETPAP_GR8_P6",2021,"BETPAP","GR","GR8","cookies",35.5255991645116
"133","BETPAP_GR8_P6",2022,"BETPAP","GR","GR8","cookies",29.1620288370192
"134","BETPAP_GR8_P6",2023,"BETPAP","GR","GR8","cookies",39.9839493705975
"135","ALNINC_GR8A_P5",2017,"ALNINC","GR","GR8A","cookies",6.17980441507308
"136","ALNINC_GR8A_P5",2018,"ALNINC","GR","GR8A","cookies",187.26151841516
"137","ALNINC_GR8A_P5",2019,"ALNINC","GR","GR8A","cookies",322.534173864944
"138","ALNINC_GR8A_P5",2020,"ALNINC","GR","GR8A","cookies",150.320516359036
"139","ALNINC_GR8A_P5",2021,"ALNINC","GR","GR8A","cookies",246.182815304561
"140","ALNINC_GR8A_P5",2022,"ALNINC","GR","GR8A","cookies",126.147867166197
"141","BETALL_GR9_PNA",2016,"BETALL","GR","GR9","cookies",20.6398846485714
"142","BETALL_GR9_P3",2017,"BETALL","GR","GR9","cookies",10.2996740251218
"143","BETALL_GR9_PNA",2017,"BETALL","GR","GR9","cookies",103.214962272216
"144","BETALL_GR9_P3",2018,"BETALL","GR","GR9","cookies",86.5625276791559
"145","BETALL_GR9_PNA",2018,"BETALL","GR","GR9","cookies",233.784696706004
"146","BETALL_GR9_P3",2019,"BETALL","GR","GR9","cookies",318.741975091379
"147","BETALL_GR9_PNA",2019,"BETALL","GR","GR9","cookies",240.37459637416
"148","BETALL_GR9_P3",2020,"BETALL","GR","GR9","cookies",330.272610485721
"149","BETALL_GR9_PNA",2020,"BETALL","GR","GR9","cookies",103.36224524614
"150","BETALL_GR9_P3",2021,"BETALL","GR","GR9","cookies",206.60693435713
"151","BETALL_GR9_PNA",2021,"BETALL","GR","GR9","cookies",133.470128044142
"152","BETALL_GR9_P3",2022,"BETALL","GR","GR9","cookies",297.071109625337
"153","BETALL_GR9_PNA",2022,"BETALL","GR","GR9","cookies",92.4531710261574
"154","BETALL_GR9_PNA",2023,"BETALL","GR","GR9","cookies",218.753726046055
"155","ALNINC_HF1_P1",2017,"ALNINC","HF","HF1","cookies",8.22284897079419
"156","ALNINC_HF1_P16",2017,"ALNINC","HF","HF1","cookies",2.17884216011924
"157","ALNINC_HF1_P1",2018,"ALNINC","HF","HF1","cookies",68.5899512005537
"158","ALNINC_HF1_P16",2018,"ALNINC","HF","HF1","cookies",48.5155520986551
"159","ALNINC_HF1_P1",2019,"ALNINC","HF","HF1","cookies",98.8815999109742
"160","ALNINC_HF1_P16",2019,"ALNINC","HF","HF1","cookies",123.615005380681
"161","ALNINC_HF1_P1",2020,"ALNINC","HF","HF1","cookies",51.9462995371312
"162","ALNINC_HF1_P16",2020,"ALNINC","HF","HF1","cookies",115.030705074798
"163","ALNINC_HF1_P1",2021,"ALNINC","HF","HF1","cookies",124.069015281953
"164","ALNINC_HF1_P16",2021,"ALNINC","HF","HF1","cookies",479.046655618551
"165","ALNINC_HF1_P1",2022,"ALNINC","HF","HF1","cookies",77.4363881756239
"166","ALNINC_HF1_P16",2022,"ALNINC","HF","HF1","cookies",186.952764657896
"167","BETPOP_HF1_P2",2016,"BETPOP","HF","HF1","cookies",83.403375449476
"168","BETPOP_HF1_P2",2017,"BETPOP","HF","HF1","cookies",74.2630481365293
"169","BETPOP_HF1_P3",2017,"BETPOP","HF","HF1","cookies",44.6030947500503
"170","BETPOP_HF1_P2",2018,"BETPOP","HF","HF1","cookies",311.69130942223
"171","BETPOP_HF1_P3",2018,"BETPOP","HF","HF1","cookies",319.972260850627
"172","BETPOP_HF1_P2",2019,"BETPOP","HF","HF1","cookies",369.085052164645
"173","BETPOP_HF1_P3",2019,"BETPOP","HF","HF1","cookies",538.20509160817
"174","BETPOP_HF1_P2",2020,"BETPOP","HF","HF1","cookies",194.402715820574
"175","BETPOP_HF1_P3",2020,"BETPOP","HF","HF1","cookies",326.903343554709
"176","BETPOP_HF1_P2",2021,"BETPOP","HF","HF1","cookies",357.398350866741
"177","BETPOP_HF1_P3",2021,"BETPOP","HF","HF1","cookies",625.241221877789
"178","BETPOP_HF1_P2",2022,"BETPOP","HF","HF1","cookies",184.034129578295
"179","BETPOP_HF1_P3",2022,"BETPOP","HF","HF1","cookies",260.761802893154
"180","BETPOP_HF1_P2",2023,"BETPOP","HF","HF1","cookies",467.545747062982
"181","BETPOP_HF1_P3",2023,"BETPOP","HF","HF1","cookies",669.443004304394
"182","BETPAP_HF16_P12",2018,"BETPAP","HF","HF16","cookies",44.95508754553
"183","BETPAP_HF16_P12",2019,"BETPAP","HF","HF16","cookies",127.938571397327
"184","BETPAP_HF16_P12",2020,"BETPAP","HF","HF16","cookies",368.229054329957
"185","BETPAP_HF16_P12",2021,"BETPAP","HF","HF16","cookies",779.443117526712
"186","BETPAP_HF16_P12",2022,"BETPAP","HF","HF16","cookies",388.919609726438
"187","BETPAP_HF16_P12",2023,"BETPAP","HF","HF16","cookies",1732.92066143422
"188","BETPAP_HF16A_P6",2016,"BETPAP","HF","HF16A","cookies",4.96303085526696
"189","BETPAP_HF16A_P6",2017,"BETPAP","HF","HF16A","cookies",32.3975249935497
"190","BETPAP_HF16A_P6",2018,"BETPAP","HF","HF16A","cookies",145.112239083886
"191","BETPAP_HF16A_P6",2019,"BETPAP","HF","HF16A","cookies",234.981877576618
"192","BETPAP_HF16A_P6",2020,"BETPAP","HF","HF16A","cookies",309.075347610143
"193","BETPAP_HF16A_P6",2021,"BETPAP","HF","HF16A","cookies",422.989269401009
"194","BETPAP_HF16A_P6",2022,"BETPAP","HF","HF16A","cookies",42.1249573722774
"195","BETPAP_HF16A_P6",2023,"BETPAP","HF","HF16A","cookies",517.20713367437
"196","BETPOP_HF16A_P2",2016,"BETPOP","HF","HF16A","cookies",4.12189643996511
"197","BETPOP_HF16A_P2",2017,"BETPOP","HF","HF16A","cookies",87.2590815604219
"198","BETPOP_HF16A_P2",2018,"BETPOP","HF","HF16A","cookies",738.831526492006
"199","BETPOP_HF16A_P2",2019,"BETPOP","HF","HF16A","cookies",618.27906111499
"200","BETPOP_HF16A_P2",2020,"BETPOP","HF","HF16A","cookies",314.109993122455
"201","BETPOP_HF16A_P2",2021,"BETPOP","HF","HF16A","cookies",1409.95071913725
"202","BETPOP_HF16A_P2",2022,"BETPOP","HF","HF16A","cookies",741.816371348876
"203","BETPOP_HF16A_P2",2023,"BETPOP","HF","HF16A","cookies",2721.5224921828
"204","BETPAP_HF16B_P6",2017,"BETPAP","HF","HF16B","cookies",12.9109065674042
"205","BETPAP_HF16B_P6",2018,"BETPAP","HF","HF16B","cookies",76.2662317038947
"206","BETPAP_HF16B_P6",2019,"BETPAP","HF","HF16B","cookies",232.809115906248
"207","BETPAP_HF16B_P6",2020,"BETPAP","HF","HF16B","cookies",273.46394597917
"208","BETPAP_HF16B_P6",2021,"BETPAP","HF","HF16B","cookies",314.890998250237
"209","BETPAP_HF16B_P6",2022,"BETPAP","HF","HF16B","cookies",144.46027546078
"210","QUERNA_HF19_NA",2018,"QUERNA","HF","HF19","cookies",58.7267212174279
"211","QUERNA_HF19_NA",2019,"QUERNA","HF","HF19","cookies",72.7631939984007
"212","QUERNA_HF19_NA",2020,"QUERNA","HF","HF19","cookies",44.8287484807417
"213","QUERNA_HF19_NA",2021,"QUERNA","HF","HF19","cookies",117.260217982827
"214","QUERNA_HF19_NA",2022,"QUERNA","HF","HF19","cookies",272.437018821533
"215","QUEROB_HF19_1of2",2017,"QUEROB","HF","HF19","cookies",49.2553450181374
"216","QUEROB_HF19_1of2",2018,"QUEROB","HF","HF19","cookies",205.948890244275
"217","QUEROB_HF19_1of2",2019,"QUEROB","HF","HF19","cookies",102.17587413508
"218","QUEROB_HF19_1of2",2020,"QUEROB","HF","HF19","cookies",499.391974319274
"219","QUEROB_HF19_1of2",2021,"QUEROB","HF","HF19","cookies",445.635040056834
"220","QUEROB_HF19_1of2",2022,"QUEROB","HF","HF19","cookies",1013.12241907706
"221","ALNINC_HF2_P1",2017,"ALNINC","HF","HF2","cookies",16.1984246917888
"222","ALNINC_HF2_P1",2018,"ALNINC","HF","HF2","cookies",112.233679790179
"223","ALNINC_HF2_P1",2019,"ALNINC","HF","HF2","cookies",144.180572932318
"224","ALNINC_HF2_P1",2020,"ALNINC","HF","HF2","cookies",74.1549505409885
"225","ALNINC_HF2_P1",2021,"ALNINC","HF","HF2","cookies",250.853307041896
"226","ALNINC_HF2_P1",2022,"ALNINC","HF","HF2","cookies",87.3050230385268
"227","BETPOP_HF3_P1",2016,"BETPOP","HF","HF3","cookies",76.3000122025012
"228","BETPOP_HF3_P1",2017,"BETPOP","HF","HF3","cookies",113.780151016385
"229","BETPOP_HF3_P1",2018,"BETPOP","HF","HF3","cookies",278.868150146238
"230","BETPOP_HF3_P1",2019,"BETPOP","HF","HF3","cookies",494.422187364286
"231","BETPOP_HF3_P1",2020,"BETPOP","HF","HF3","cookies",313.041853756518
"232","BETPOP_HF3_P1",2021,"BETPOP","HF","HF3","cookies",703.872088484139
"233","BETPOP_HF3_P1",2022,"BETPOP","HF","HF3","cookies",459.847171430561
"234","BETPOP_HF3_P1",2023,"BETPOP","HF","HF3","cookies",863.77005180809
"235","BETPOP_HF3A_P6",2018,"BETPOP","HF","HF3A","cookies",64.2788839683922
"236","BETPOP_HF3A_P6",2019,"BETPOP","HF","HF3A","cookies",111.544557618607
"237","BETPOP_HF3A_P6",2020,"BETPOP","HF","HF3A","cookies",141.413950096446
"238","BETPOP_HF3A_P6",2021,"BETPOP","HF","HF3A","cookies",410.57493616312
"239","BETPOP_HF3A_P6",2022,"BETPOP","HF","HF3A","cookies",161.070146625596
"240","BETPOP_HF3A_P6",2023,"BETPOP","HF","HF3A","cookies",678.74480240068
"241","BETPOP_HF3B_P6",2015,"BETPOP","HF","HF3B","cookies",48.296654467685
"242","BETPOP_HF3B_P6",2016,"BETPOP","HF","HF3B","cookies",109.464354514418
"243","BETPOP_HF3B_P6",2017,"BETPOP","HF","HF3B","cookies",161.563341905251
"244","BETPOP_HF3B_P6",2018,"BETPOP","HF","HF3B","cookies",432.643735902747
"245","BETPOP_HF3B_P6",2019,"BETPOP","HF","HF3B","cookies",447.744294389824
"246","BETPOP_HF3B_P6",2020,"BETPOP","HF","HF3B","cookies",222.349322317731
"247","BETPOP_HF3B_P6",2021,"BETPOP","HF","HF3B","cookies",898.900419138905
"248","BETPOP_HF3B_P6",2022,"BETPOP","HF","HF3B","cookies",284.741903243936
"249","BETPOP_HF3B_P6",2023,"BETPOP","HF","HF3B","cookies",333.587153008991
"250","BETPOP_HF4_P9",2015,"BETPOP","HF","HF4","cookies",36.0397383533026
"251","BETPOP_HF4_P9",2016,"BETPOP","HF","HF4","cookies",142.01456736167
"252","BETPOP_HF4_P9",2017,"BETPOP","HF","HF4","cookies",69.9094174761236
"253","BETPOP_HF4_P9",2018,"BETPOP","HF","HF4","cookies",283.398790619342
"254","BETPOP_HF4_P9",2019,"BETPOP","HF","HF4","cookies",248.156947643125
"255","BETPOP_HF4_P9",2020,"BETPOP","HF","HF4","cookies",290.334602593229
"256","BETPOP_HF4_P9",2021,"BETPOP","HF","HF4","cookies",678.706292632269
"257","BETPOP_HF4_P9",2022,"BETPOP","HF","HF4","cookies",344.804305376265
"258","BETPOP_HF4_P9",2023,"BETPOP","HF","HF4","cookies",731.376846059523
"259","ALNINC_HF5_P6",2017,"ALNINC","HF","HF5","cookies",2.67609109960692
"260","ALNINC_HF5_P6",2018,"ALNINC","HF","HF5","cookies",86.8239887383702
"261","ALNINC_HF5_P6",2019,"ALNINC","HF","HF5","cookies",221.189975605556
"262","ALNINC_HF5_P6",2020,"ALNINC","HF","HF5","cookies",237.430963725589
"263","ALNINC_HF5_P6",2021,"ALNINC","HF","HF5","cookies",751.524211038412
"264","ALNINC_HF5_P6",2022,"ALNINC","HF","HF5","cookies",345.850149613123
"265","ALNINC_HF9_P2",2017,"ALNINC","HF","HF9","cookies",34.9952453363896
"266","ALNINC_HF9_P2",2018,"ALNINC","HF","HF9","cookies",119.823482217088
"267","ALNINC_HF9_P2",2019,"ALNINC","HF","HF9","cookies",147.253247085566
"268","ALNINC_HF9_P2",2020,"ALNINC","HF","HF9","cookies",109.765676561989
"269","ALNINC_HF9_P15",2021,"ALNINC","HF","HF9","cookies",135.430748183263
"270","ALNINC_HF9_P2",2021,"ALNINC","HF","HF9","cookies",461.354457278383
"271","ALNINC_HF9_P15",2022,"ALNINC","HF","HF9","cookies",215.881708054531
"272","ALNINC_HF9_P2",2022,"ALNINC","HF","HF9","cookies",182.059997239731
"273","BETPOP_HFNA_P6",2016,"BETPOP","HF","HFNA","cookies",2.48827152735478
"274","BETPOP_HFNA_P6",2017,"BETPOP","HF","HFNA","cookies",27.9749821159868
"275","BETPOP_HFNA_P6",2018,"BETPOP","HF","HFNA","cookies",80.602296505025
"276","BETPOP_HFNA_P6",2019,"BETPOP","HF","HFNA","cookies",77.9721468835229
"277","BETPOP_HFNA_P6",2020,"BETPOP","HF","HFNA","cookies",29.2039166552913
"278","BETPOP_HFNA_P6",2021,"BETPOP","HF","HFNA","cookies",81.6575992814921
"279","BETPOP_HFNA_P6",2022,"BETPOP","HF","HFNA","cookies",30.226114543124
"280","BETPOP_HFNA_P6",2023,"BETPOP","HF","HFNA","cookies",80.1212622048685
"281","ALNINC_SH1_P12",2016,"ALNINC","SH","SH1","cookies",6.22777272309431
"282","ALNINC_SH1_P1",2017,"ALNINC","SH","SH1","cookies",9.50921035772971
"283","ALNINC_SH1_P12",2017,"ALNINC","SH","SH1","cookies",25.0948568047966
"284","ALNINC_SH1_P1",2018,"ALNINC","SH","SH1","cookies",144.993331728791
"285","ALNINC_SH1_P12",2018,"ALNINC","SH","SH1","cookies",73.9711846285691
"286","ALNINC_SH1_P1",2019,"ALNINC","SH","SH1","cookies",233.19353798039
"287","ALNINC_SH1_P12",2019,"ALNINC","SH","SH1","cookies",280.086274925989
"288","ALNINC_SH1_P1",2020,"ALNINC","SH","SH1","cookies",154.763327535763
"289","ALNINC_SH1_P12",2020,"ALNINC","SH","SH1","cookies",291.068990632934
"290","ALNINC_SH1_P1",2021,"ALNINC","SH","SH1","cookies",296.446846011089
"291","ALNINC_SH1_P12",2021,"ALNINC","SH","SH1","cookies",331.043481463921
"292","ALNINC_SH1_P1",2022,"ALNINC","SH","SH1","cookies",121.417246141342
"293","ALNINC_SH1_P12",2022,"ALNINC","SH","SH1","cookies",54.0285294712361
"294","BETPAP_SH1A_P1",2017,"BETPAP","SH","SH1A","cookies",97.6323970725059
"295","BETPAP_SH1A_P1",2018,"BETPAP","SH","SH1A","cookies",300.480913154677
"296","BETPAP_SH1A_P1",2019,"BETPAP","SH","SH1A","cookies",362.705942807794
"297","BETPAP_SH1A_P1",2020,"BETPAP","SH","SH1A","cookies",662.181548323941
"298","BETPAP_SH1A_P1",2021,"BETPAP","SH","SH1A","cookies",1781.52742087912
"299","BETPAP_SH1A_P1",2022,"BETPAP","SH","SH1A","cookies",1243.69594158553
"300","BETPAP_SH1A_P1",2023,"BETPAP","SH","SH1A","cookies",3469.56460942485
"301","BETALL_SH2_P6",2018,"BETALL","SH","SH2","cookies",78.7146422428938
"302","BETALL_SH2_P6",2019,"BETALL","SH","SH2","cookies",171.511023134893
"303","BETALL_SH2_P6",2020,"BETALL","SH","SH2","cookies",142.820570058421
"304","BETALL_SH2_P6",2021,"BETALL","SH","SH2","cookies",115.535385723979
"305","BETALL_SH2_P6",2022,"BETALL","SH","SH2","cookies",95.964991661289
"306","BETALL_SH2_P6",2023,"BETALL","SH","SH2","cookies",144.275158328417
"307","ALNINC_SH3_P16",2017,"ALNINC","SH","SH3","cookies",10.2213032683547
"308","ALNINC_SH3_P16",2018,"ALNINC","SH","SH3","cookies",195.425589318379
"309","ALNINC_SH3_P16",2019,"ALNINC","SH","SH3","cookies",365.395546106843
"310","ALNINC_SH3_P16",2020,"ALNINC","SH","SH3","cookies",242.87435327104
"311","ALNINC_SH3_P16",2021,"ALNINC","SH","SH3","cookies",588.021192903176
"312","ALNINC_SH3_P16",2022,"ALNINC","SH","SH3","cookies",172.030567203461
"313","ALNINC_SH4_P15",2017,"ALNINC","SH","SH4","cookies",17.0645566760595
"314","ALNINC_SH4_P15",2018,"ALNINC","SH","SH4","cookies",188.060089402217
"315","ALNINC_SH4_P15",2019,"ALNINC","SH","SH4","cookies",323.73811083528
"316","ALNINC_SH4_P15",2020,"ALNINC","SH","SH4","cookies",288.658414252374
"317","ALNINC_SH4_P15",2021,"ALNINC","SH","SH4","cookies",788.820583939876
"318","ALNINC_SH4_P15",2022,"ALNINC","SH","SH4","cookies",232.29903037729
"319","BETALL_SH4_P3",2016,"BETALL","SH","SH4","cookies",4.9414113361588
"320","BETALL_SH4_P3",2017,"BETALL","SH","SH4","cookies",66.3530065828313
"321","BETALL_SH4_P3",2018,"BETALL","SH","SH4","cookies",175.77614888895
"322","BETALL_SH4_P3",2019,"BETALL","SH","SH4","cookies",149.67801127554
"323","BETALL_SH4_P3",2020,"BETALL","SH","SH4","cookies",173.448672534962
"324","BETALL_SH4_P3",2021,"BETALL","SH","SH4","cookies",138.328439353728
"325","BETALL_SH4_P3",2022,"BETALL","SH","SH4","cookies",117.798003520642
"326","ALNINC_SH5_P2",2017,"ALNINC","SH","SH5","cookies",9.84025924407341
"327","ALNINC_SH5_P3",2017,"ALNINC","SH","SH5","cookies",1.91197622112789
"328","ALNINC_SH5_P2",2018,"ALNINC","SH","SH5","cookies",82.3595580425351
"329","ALNINC_SH5_P3",2018,"ALNINC","SH","SH5","cookies",201.614852273062
"330","ALNINC_SH5_P2",2019,"ALNINC","SH","SH5","cookies",101.529315391752
"331","ALNINC_SH5_P3",2019,"ALNINC","SH","SH5","cookies",340.896577297465
"332","ALNINC_SH5_P2",2020,"ALNINC","SH","SH5","cookies",49.5512621859303
"333","ALNINC_SH5_P3",2020,"ALNINC","SH","SH5","cookies",116.77918368267
"334","ALNINC_SH5_P2",2021,"ALNINC","SH","SH5","cookies",136.626577833933
"335","ALNINC_SH5_P3",2021,"ALNINC","SH","SH5","cookies",228.395355958323
"336","ALNINC_SH5_P2",2022,"ALNINC","SH","SH5","cookies",69.8074003703319
"337","ALNINC_SH5_P3",2022,"ALNINC","SH","SH5","cookies",72.2983743375752
"338","BETALL_SH5_P6",2017,"BETALL","SH","SH5","cookies",5.59202373931998
"339","BETALL_SH5_P6",2018,"BETALL","SH","SH5","cookies",51.6713262784743
"340","BETALL_SH5_P6",2019,"BETALL","SH","SH5","cookies",99.784890443712
"341","BETALL_SH5_P6",2020,"BETALL","SH","SH5","cookies",137.449470779987
"342","BETALL_SH5_P6",2021,"BETALL","SH","SH5","cookies",148.036279043264
"343","BETALL_SH5_P6",2022,"BETALL","SH","SH5","cookies",100.870595668925
"344","BETALL_SH9_P6",2016,"BETALL","SH","SH9","cookies",16.9942932389579
"345","BETALL_SH9_P6",2017,"BETALL","SH","SH9","cookies",61.2751220323022
"346","BETALL_SH9_P9",2017,"BETALL","SH","SH9","cookies",13.9202678657665
"347","BETALL_SH9_P6",2018,"BETALL","SH","SH9","cookies",217.737608647972
"348","BETALL_SH9_P9",2018,"BETALL","SH","SH9","cookies",18.823845043486
"349","BETALL_SH9_P6",2019,"BETALL","SH","SH9","cookies",276.016400453878
"350","BETALL_SH9_P9",2019,"BETALL","SH","SH9","cookies",119.28164301944
"351","BETALL_SH9_P6",2020,"BETALL","SH","SH9","cookies",417.022282127157
"352","BETALL_SH9_P9",2020,"BETALL","SH","SH9","cookies",303.870448384853
"353","BETALL_SH9_P6",2021,"BETALL","SH","SH9","cookies",195.294520983785
"354","BETALL_SH9_P9",2021,"BETALL","SH","SH9","cookies",149.800296680496
"355","BETALL_SH9_P6",2022,"BETALL","SH","SH9","cookies",391.438283702538
"356","BETALL_SH9_P9",2022,"BETALL","SH","SH9","cookies",423.55407933771
"357","BETALL_SH9_P6",2023,"BETALL","SH","SH9","cookies",697.678096259651
"358","ALNINC_WM2A_P1",2017,"ALNINC","WM","WM2A","cookies",15.9565563217663
"359","ALNINC_WM2A_P1",2018,"ALNINC","WM","WM2A","cookies",216.575559495908
"360","ALNINC_WM2A_P1",2019,"ALNINC","WM","WM2A","cookies",365.909009685662
"361","ALNINC_WM2A_P1",2020,"ALNINC","WM","WM2A","cookies",163.499640085376
"362","ALNINC_WM2A_P1",2021,"ALNINC","WM","WM2A","cookies",447.221372271396
"363","ALNINC_WM2A_P1",2022,"ALNINC","WM","WM2A","cookies",176.283531978019
"364","ALNINC_WM5_P1",2017,"ALNINC","WM","WM5","cookies",10.711120498149
"365","ALNINC_WM5_P1",2018,"ALNINC","WM","WM5","cookies",253.232129753765
"366","ALNINC_WM5_P1",2019,"ALNINC","WM","WM5","cookies",414.566439878465
"367","ALNINC_WM5_P1",2020,"ALNINC","WM","WM5","cookies",201.165571641595
"368","ALNINC_WM5_P1",2021,"ALNINC","WM","WM5","cookies",378.663174739532
"369","ALNINC_WM5_P1",2022,"ALNINC","WM","WM5","cookies",205.236797333651
"370","ALNINC_WM5A_P16",2017,"ALNINC","WM","WM5A","cookies",2.27140072630105
"371","ALNINC_WM5A_P16",2018,"ALNINC","WM","WM5A","cookies",55.0237029601833
"372","ALNINC_WM5A_P16",2019,"ALNINC","WM","WM5A","cookies",186.708193847985
"373","ALNINC_WM5A_P16",2020,"ALNINC","WM","WM5A","cookies",172.075833071594
"374","ALNINC_WM5A_P16",2021,"ALNINC","WM","WM5A","cookies",548.062916711519
"375","ALNINC_WM5A_P16",2022,"ALNINC","WM","WM5A","cookies",213.798802510454
"376","ALNINC_WM5B_P16",2018,"ALNINC","WM","WM5B","cookies",21.9715119036396
"377","ALNINC_WM5B_P2",2018,"ALNINC","WM","WM5B","cookies",134.090337998557
"378","ALNINC_WM5B_P16",2019,"ALNINC","WM","WM5B","cookies",176.685519911437
"379","ALNINC_WM5B_P2",2019,"ALNINC","WM","WM5B","cookies",303.448867762244
"380","ALNINC_WM5B_P16",2020,"ALNINC","WM","WM5B","cookies",186.452137668548
"381","ALNINC_WM5B_P2",2020,"ALNINC","WM","WM5B","cookies",111.384438055212
"382","ALNINC_WM5B_P16",2021,"ALNINC","WM","WM5B","cookies",749.056883420193
"383","ALNINC_WM5B_P2",2021,"ALNINC","WM","WM5B","cookies",202.455986688363
"384","ALNINC_WM5B_P16",2022,"ALNINC","WM","WM5B","cookies",195.011440405463
"385","ALNINC_WM5B_P2",2022,"ALNINC","WM","WM5B","cookies",70.8600007069104
"386","BETPOP_WM7_P2",2016,"BETPOP","WM","WM7","cookies",6.26155322170081
"387","BETPOP_WM7_P3",2016,"BETPOP","WM","WM7","cookies",4.97586744473743
"388","BETPOP_WM7_P9",2016,"BETPOP","WM","WM7","cookies",1.73226396854131
"389","BETPOP_WM7_P1",2017,"BETPOP","WM","WM7","cookies",95.7420403704861
"390","BETPOP_WM7_P15",2017,"BETPOP","WM","WM7","cookies",3.27130348505345
"391","BETPOP_WM7_P2",2017,"BETPOP","WM","WM7","cookies",344.761741948021
"392","BETPOP_WM7_P3",2017,"BETPOP","WM","WM7","cookies",364.615216589033
"393","BETPOP_WM7_P6",2017,"BETPOP","WM","WM7","cookies",101.963056993859
"394","BETPOP_WM7_P9",2017,"BETPOP","WM","WM7","cookies",64.4106279129575
"395","BETPOP_WM7_P1",2018,"BETPOP","WM","WM7","cookies",522.501213415981
"396","BETPOP_WM7_P15",2018,"BETPOP","WM","WM7","cookies",186.102847312957
"397","BETPOP_WM7_P2",2018,"BETPOP","WM","WM7","cookies",1457.78322955409
"398","BETPOP_WM7_P3",2018,"BETPOP","WM","WM7","cookies",1508.69787266378
"399","BETPOP_WM7_P6",2018,"BETPOP","WM","WM7","cookies",335.967326940805
"400","BETPOP_WM7_P9",2018,"BETPOP","WM","WM7","cookies",362.892411160102
"401","BETPOP_WM7_P1",2019,"BETPOP","WM","WM7","cookies",689.870747421717
"402","BETPOP_WM7_P15",2019,"BETPOP","WM","WM7","cookies",603.452800276597
"403","BETPOP_WM7_P2",2019,"BETPOP","WM","WM7","cookies",1218.00384556537
"404","BETPOP_WM7_P3",2019,"BETPOP","WM","WM7","cookies",1685.87456102495
"405","BETPOP_WM7_P6",2019,"BETPOP","WM","WM7","cookies",418.109338572314
"406","BETPOP_WM7_P9",2019,"BETPOP","WM","WM7","cookies",596.185939416367
"407","BETPOP_WM7_P1",2020,"BETPOP","WM","WM7","cookies",505.219110328895
"408","BETPOP_WM7_P15",2020,"BETPOP","WM","WM7","cookies",474.782205474467
"409","BETPOP_WM7_P2",2020,"BETPOP","WM","WM7","cookies",785.925595209299
"410","BETPOP_WM7_P3",2020,"BETPOP","WM","WM7","cookies",857.160559450742
"411","BETPOP_WM7_P6",2020,"BETPOP","WM","WM7","cookies",392.096327815393
"412","BETPOP_WM7_P9",2020,"BETPOP","WM","WM7","cookies",1128.04367533638
"413","BETPOP_WM7_P1",2021,"BETPOP","WM","WM7","cookies",827.08443032143
"414","BETPOP_WM7_P15",2021,"BETPOP","WM","WM7","cookies",802.963803096445
"415","BETPOP_WM7_P2",2021,"BETPOP","WM","WM7","cookies",1996.479489612
"416","BETPOP_WM7_P3",2021,"BETPOP","WM","WM7","cookies",1806.97697291928
"417","BETPOP_WM7_P6",2021,"BETPOP","WM","WM7","cookies",822.087618967557
"418","BETPOP_WM7_P9",2021,"BETPOP","WM","WM7","cookies",1963.24623508292
"419","BETPOP_WM7_P1",2022,"BETPOP","WM","WM7","cookies",262.106942347665
"420","BETPOP_WM7_P15",2022,"BETPOP","WM","WM7","cookies",1570.98776087422
"421","BETPOP_WM7_P2",2022,"BETPOP","WM","WM7","cookies",797.527169650715
"422","BETPOP_WM7_P3",2022,"BETPOP","WM","WM7","cookies",623.358972495435
"423","BETPOP_WM7_P6",2022,"BETPOP","WM","WM7","cookies",384.30857166665
"424","BETPOP_WM7_P9",2022,"BETPOP","WM","WM7","cookies",663.108485205704
"425","BETPOP_WM7_P1",2023,"BETPOP","WM","WM7","cookies",548.655426657077
"426","BETPOP_WM7_P2",2023,"BETPOP","WM","WM7","cookies",1912.36537247184
"427","BETPOP_WM7_P3",2023,"BETPOP","WM","WM7","cookies",1957.3609966157
"428","BETPOP_WM7_P6",2023,"BETPOP","WM","WM7","cookies",895.371032644498
"429","BETPOP_WM7_P9",2023,"BETPOP","WM","WM7","cookies",1568.46435762831
"430","BETALL_WM8_P1",2017,"BETALL","WM","WM8","cookies",28.8532750797558
"431","BETALL_WM8_P1",2018,"BETALL","WM","WM8","cookies",180.547982122104
"432","BETALL_WM8_P1",2019,"BETALL","WM","WM8","cookies",230.200585803854
"433","BETALL_WM8_P1",2020,"BETALL","WM","WM8","cookies",363.368716190453
"434","BETALL_WM8_P1",2021,"BETALL","WM","WM8","cookies",959.948536220572
"435","BETALL_WM8_P1",2022,"BETALL","WM","WM8","cookies",354.360132822072
"436","BETALL_WM8_P1",2023,"BETALL","WM","WM8","cookies",918.828210876852
"437","BETPOP_WM8_P15",2016,"BETPOP","WM","WM8","cookies",25.5069788877959
"438","BETPOP_WM8_P15",2017,"BETPOP","WM","WM8","cookies",158.391353086101
"439","BETPOP_WM8_P16",2017,"BETPOP","WM","WM8","cookies",32.2130834711583
"440","BETPOP_WM8_PNA",2017,"BETPOP","WM","WM8","cookies",110.882459845919
"441","BETPOP_WM8_P15",2018,"BETPOP","WM","WM8","cookies",232.115940074842
"442","BETPOP_WM8_P16",2018,"BETPOP","WM","WM8","cookies",97.783733706263
"443","BETPOP_WM8_PNA",2018,"BETPOP","WM","WM8","cookies",202.795818504345
"444","BETPOP_WM8_P15",2019,"BETPOP","WM","WM8","cookies",536.662674041798
"445","BETPOP_WM8_P16",2019,"BETPOP","WM","WM8","cookies",138.129810021922
"446","BETPOP_WM8_PNA",2019,"BETPOP","WM","WM8","cookies",183.887522214343
"447","BETPOP_WM8_P15",2020,"BETPOP","WM","WM8","cookies",86.2125617135924
"448","BETPOP_WM8_P16",2020,"BETPOP","WM","WM8","cookies",337.815795824552
"449","BETPOP_WM8_PNA",2020,"BETPOP","WM","WM8","cookies",447.706460231385
"450","BETPOP_WM8_P15",2021,"BETPOP","WM","WM8","cookies",765.862681476927
"451","BETPOP_WM8_P16",2021,"BETPOP","WM","WM8","cookies",687.956744370673
"452","BETPOP_WM8_PNA",2021,"BETPOP","WM","WM8","cookies",896.146632892503
"453","BETPOP_WM8_P15",2022,"BETPOP","WM","WM8","cookies",336.944258960505
"454","BETPOP_WM8_P16",2022,"BETPOP","WM","WM8","cookies",224.08699116605
"455","BETPOP_WM8_PNA",2022,"BETPOP","WM","WM8","cookies",281.248324078052
"456","BETPOP_WM8_P15",2023,"BETPOP","WM","WM8","cookies",1384.60791347269
"457","BETPOP_WM8_PNA",2023,"BETPOP","WM","WM8","cookies",1566.67534242211
"458","BETALL_WM8A_P12",2016,"BETALL","WM","WM8A","cookies",15.9687173012646
"459","BETALL_WM8A_P12",2017,"BETALL","WM","WM8A","cookies",66.4567127135532
"460","BETALL_WM8A_P5",2017,"BETALL","WM","WM8A","cookies",111.742511340441
"461","BETALL_WM8A_P12",2018,"BETALL","WM","WM8A","cookies",105.778902116449
"462","BETALL_WM8A_P5",2018,"BETALL","WM","WM8A","cookies",363.883530989216
"463","BETALL_WM8A_P12",2019,"BETALL","WM","WM8A","cookies",195.210069737269
"464","BETALL_WM8A_P5",2019,"BETALL","WM","WM8A","cookies",493.129069877629
"465","BETALL_WM8A_P12",2020,"BETALL","WM","WM8A","cookies",59.1422213502877
"466","BETALL_WM8A_P5",2020,"BETALL","WM","WM8A","cookies",692.12390667877
"467","BETALL_WM8A_P12",2021,"BETALL","WM","WM8A","cookies",493.000703982924
"468","BETALL_WM8A_P5",2021,"BETALL","WM","WM8A","cookies",846.307560858446
"469","BETALL_WM8A_P12",2022,"BETALL","WM","WM8A","cookies",244.262056153795
"470","BETALL_WM8A_P5",2022,"BETALL","WM","WM8A","cookies",400.802913526232
"471","BETALL_WM8A_P12",2023,"BETALL","WM","WM8A","cookies",374.690588103408
"472","BETALL_WM8A_P5",2023,"BETALL","WM","WM8A","cookies",824.978554038302
"473","BETALL_WM8B_P5",2015,"BETALL","WM","WM8B","cookies",6.15953611590918
"474","BETALL_WM8B_P5",2016,"BETALL","WM","WM8B","cookies",97.6648263511681
"475","BETALL_WM8B_P12",2017,"BETALL","WM","WM8B","cookies",13.9135117660452
"476","BETALL_WM8B_P5",2017,"BETALL","WM","WM8B","cookies",444.366244529174
"477","BETALL_WM8B_P12",2018,"BETALL","WM","WM8B","cookies",246.419954404779
"478","BETALL_WM8B_P5",2018,"BETALL","WM","WM8B","cookies",53.3333268099141
"479","BETALL_WM8B_P12",2019,"BETALL","WM","WM8B","cookies",420.515185683069
"480","BETALL_WM8B_P5",2019,"BETALL","WM","WM8B","cookies",441.78609004561
"481","BETALL_WM8B_P12",2020,"BETALL","WM","WM8B","cookies",228.227129075262
"482","BETALL_WM8B_P5",2020,"BETALL","WM","WM8B","cookies",280.894304452656
"483","BETALL_WM8B_P12",2021,"BETALL","WM","WM8B","cookies",93.4983396530425
"484","BETALL_WM8B_P5",2021,"BETALL","WM","WM8B","cookies",171.285369404202
"485","BETALL_WM8B_P12",2022,"BETALL","WM","WM8B","cookies",122.711714847943
"486","BETALL_WM8B_P5",2022,"BETALL","WM","WM8B","cookies",256.62436742383
"487","BETALL_WM8B_P12",2023,"BETALL","WM","WM8B","cookies",96.1541624534854
"488","BETALL_WM8B_P5",2023,"BETALL","WM","WM8B","cookies",1225.47879429702
"489","BETALL_WM9_P5",2016,"BETALL","WM","WM9","cookies",4.93870889627028
"490","BETALL_WM9_P5",2017,"BETALL","WM","WM9","cookies",163.038198474411
"491","BETALL_WM9_P5",2018,"BETALL","WM","WM9","cookies",349.955155803784
"492","BETALL_WM9_P5",2019,"BETALL","WM","WM9","cookies",356.446416416009
"493","BETALL_WM9_P5",2020,"BETALL","WM","WM9","cookies",394.572438363249
"494","BETALL_WM9_P5",2021,"BETALL","WM","WM9","cookies",350.449702303383
"495","BETALL_WM9_P5",2022,"BETALL","WM","WM9","cookies",363.56734552226
"496","BETALL_WM9_P5",2023,"BETALL","WM","WM9","cookies",976.539490306168
"497","BETPOP_WM9_P15",2017,"BETPOP","WM","WM9","cookies",7.04661200931587
"498","BETPOP_WM9_P15",2018,"BETPOP","WM","WM9","cookies",60.1232070298206
"499","BETPOP_WM9_P15",2019,"BETPOP","WM","WM9","cookies",121.18483631093
"500","BETPOP_WM9_P15",2020,"BETPOP","WM","WM9","cookies",161.130951523088
"501","BETPOP_WM9_P15",2021,"BETPOP","WM","WM9","cookies",634.106575932079
"502","BETPOP_WM9_P15",2022,"BETPOP","WM","WM9","cookies",203.591687051514
"503","BETPOP_XX_P3",2017,"BETPOP","XX","XX","cookies",177.770549526678
"504","BETPOP_XX_P3",2018,"BETPOP","XX","XX","cookies",847.714856430392
"505","BETPOP_XX_P3",2019,"BETPOP","XX","XX","cookies",1190.41328552353
"506","BETPOP_XX_P3",2020,"BETPOP","XX","XX","cookies",484.861630648674
"507","BETPOP_XX_P3",2021,"BETPOP","XX","XX","cookies",1567.3664914236
"508","BETPOP_XX_P3",2022,"BETPOP","XX","XX","cookies",498.571783813108
"509","BETPOP_XX_P3",2023,"BETPOP","XX","XX","cookies",1432.11275305304
"510","ALNINC_GR11B_P3",2017,"ALNINC","GR","GR11B","cookiesUnconfident",9.47002497934617
"511","ALNINC_GR11B_P3",2018,"ALNINC","GR","GR11B","cookiesUnconfident",280.951055690315
"512","ALNINC_GR11B_P3",2019,"ALNINC","GR","GR11B","cookiesUnconfident",492.427786726558
"513","ALNINC_GR11B_P3",2020,"ALNINC","GR","GR11B","cookiesUnconfident",126.941708883449
"514","ALNINC_GR11B_P3",2021,"ALNINC","GR","GR11B","cookiesUnconfident",109.757569242323
"515","ALNINC_GR11B_P3",2022,"ALNINC","GR","GR11B","cookiesUnconfident",54.6811687043135
"516","BETPOP_GR3_P6",2016,"BETPOP","GR","GR3","cookiesUnconfident",9.35382006413981
"517","BETPOP_GR3_P6",2017,"BETPOP","GR","GR3","cookiesUnconfident",84.7816197926212
"518","BETPOP_GR3_P6",2018,"BETPOP","GR","GR3","cookiesUnconfident",298.3980076106
"519","BETPOP_GR3_P6",2019,"BETPOP","GR","GR3","cookiesUnconfident",298.008180656681
"520","BETPOP_GR3_P6",2020,"BETPOP","GR","GR3","cookiesUnconfident",180.460828435699
"521","BETPOP_GR3_P6",2021,"BETPOP","GR","GR3","cookiesUnconfident",129.303641346016
"522","BETPOP_GR3_P6",2022,"BETPOP","GR","GR3","cookiesUnconfident",151.318392287872
"523","ALNINC_GR8_P3",2016,"ALNINC","GR","GR8","cookiesUnconfident",33.0981325346486
"524","ALNINC_GR8_P3",2017,"ALNINC","GR","GR8","cookiesUnconfident",150.023247971299
"525","ALNINC_GR8_P3",2018,"ALNINC","GR","GR8","cookiesUnconfident",403.787758383103
"526","ALNINC_GR8_P3",2019,"ALNINC","GR","GR8","cookiesUnconfident",396.793843951613
"527","ALNINC_GR8_P3",2020,"ALNINC","GR","GR8","cookiesUnconfident",125.308759580811
"528","ALNINC_GR8_P3",2021,"ALNINC","GR","GR8","cookiesUnconfident",134.093040438445
"529","ALNINC_GR8_P3",2022,"ALNINC","GR","GR8","cookiesUnconfident",95.0745377180217
"530","ALNINC_GR8B_P5",2018,"ALNINC","GR","GR8B","cookiesUnconfident",14.5100753714359
"531","ALNINC_GR8B_P5",2019,"ALNINC","GR","GR8B","cookiesUnconfident",132.300647182385
"532","ALNINC_GR8B_P5",2020,"ALNINC","GR","GR8B","cookiesUnconfident",436.220415095203
"533","ALNINC_GR8B_P5",2021,"ALNINC","GR","GR8B","cookiesUnconfident",487.859987704987
"534","ALNINC_GR8B_P5",2022,"ALNINC","GR","GR8B","cookiesUnconfident",382.284444190149
"535","BETPAP_HF16_P3",2017,"BETPAP","HF","HF16","cookiesUnconfident",11.5353646641476
"536","BETPAP_HF16_P3",2018,"BETPAP","HF","HF16","cookiesUnconfident",196.899770277566
"537","BETPAP_HF16_P3",2019,"BETPAP","HF","HF16","cookiesUnconfident",346.098774082866
"538","BETPAP_HF16_P3",2020,"BETPAP","HF","HF16","cookiesUnconfident",55.7614690497493
"539","BETPAP_HF16_P3",2021,"BETPAP","HF","HF16","cookiesUnconfident",68.2994389125378
"540","BETPAP_HF16_P3",2022,"BETPAP","HF","HF16","cookiesUnconfident",193.07581783531
"541","ALNINC_SH4_P2",2015,"ALNINC","SH","SH4","cookiesUnconfident",15.8180562774796
"542","ALNINC_SH4_P2",2016,"ALNINC","SH","SH4","cookiesUnconfident",146.932332348804
"543","ALNINC_SH4_P2",2017,"ALNINC","SH","SH4","cookiesUnconfident",342.389675335873
"544","ALNINC_SH4_P2",2018,"ALNINC","SH","SH4","cookiesUnconfident",673.075759124537
"545","ALNINC_SH4_P2",2019,"ALNINC","SH","SH4","cookiesUnconfident",657.552268794906
"546","ALNINC_SH4_P2",2020,"ALNINC","SH","SH4","cookiesUnconfident",134.495703981835
"547","ALNINC_SH4_P2",2021,"ALNINC","SH","SH4","cookiesUnconfident",213.411677996423
"548","ALNINC_SH4_P2",2022,"ALNINC","SH","SH4","cookiesUnconfident",187.558786802897
"549","ALNINC_WM1_P1",2017,"ALNINC","WM","WM1","cookiesUnconfident",20.6770431970386
"550","ALNINC_WM1_P1",2018,"ALNINC","WM","WM1","cookiesUnconfident",197.36729237828
"551","ALNINC_WM1_P1",2019,"ALNINC","WM","WM1","cookiesUnconfident",315.447700867273
"552","ALNINC_WM1_P1",2020,"ALNINC","WM","WM1","cookiesUnconfident",123.761612744634
"553","ALNINC_WM1_P1",2021,"ALNINC","WM","WM1","cookiesUnconfident",116.510966523734
"554","ALNINC_WM1_P1",2022,"ALNINC","WM","WM1","cookiesUnconfident",48.0500568278575
"555","ALNINC_GR8B_P5",2019,"ALNINC","GR","GR8B","coresUnconfident",158.751453201246
"556","ALNINC_GR8B_P5",2020,"ALNINC","GR","GR8B","coresUnconfident",128.350017870354
"557","ALNINC_GR8B_P5",2021,"ALNINC","GR","GR8B","coresUnconfident",527.840221220738
"558","ALNINC_GR8B_P5",2022,"ALNINC","GR","GR8B","coresUnconfident",156.090225521026
"559","BETALL_GR9_P3",2017,"BETALL","GR","GR9","coresUnconfident",32.0583687875405
"560","BETALL_GR9_P3",2018,"BETALL","GR","GR9","coresUnconfident",165.560926110344
"561","BETALL_GR9_P3",2019,"BETALL","GR","GR9","coresUnconfident",315.517964304374
"562","BETALL_GR9_P3",2020,"BETALL","GR","GR9","coresUnconfident",238.563286038879
"563","BETALL_GR9_P3",2021,"BETALL","GR","GR9","coresUnconfident",93.3774054680312
"564","BETALL_GR9_P3",2022,"BETALL","GR","GR9","coresUnconfident",170.063190964619
"565","BETALL_SH4_P3",2018,"BETALL","SH","SH4","coresUnconfident",13.159193232162
"566","BETALL_SH4_P3",2019,"BETALL","SH","SH4","coresUnconfident",102.192764384383
"567","BETALL_SH4_P3",2020,"BETALL","SH","SH4","coresUnconfident",295.47835911604
"568","BETALL_SH4_P3",2021,"BETALL","SH","SH4","coresUnconfident",274.078075443836
"569","BETALL_SH4_P3",2022,"BETALL","SH","SH4","coresUnconfident",238.420056724787
"570","ALNINC_SH6_P5",2016,"ALNINC","SH","SH6","coresUnconfident",71.6687058435501
"571","ALNINC_SH6_P5",2017,"ALNINC","SH","SH6","coresUnconfident",256.606801564555
"572","ALNINC_SH6_P5",2018,"ALNINC","SH","SH6","coresUnconfident",539.8988458083
"573","ALNINC_SH6_P5",2019,"ALNINC","SH","SH6","coresUnconfident",607.779406538117
"574","ALNINC_SH6_P5",2020,"ALNINC","SH","SH6","coresUnconfident",238.892308095306
"575","ALNINC_SH6_P5",2021,"ALNINC","SH","SH6","coresUnconfident",292.531348417609
"576","ALNINC_SH6_P5",2022,"ALNINC","SH","SH6","coresUnconfident",209.814392699817
"577","BETPOP_HF5_P6",2016,"BETPOP","HF","HF5","coresWithoutCookies",32.7637055984442
"578","BETPOP_HF5_P6",2017,"BETPOP","HF","HF5","coresWithoutCookies",256.677740611628
"579","BETPOP_HF5_P6",2018,"BETPOP","HF","HF5","coresWithoutCookies",875.727334899832
"580","BETPOP_HF5_P6",2019,"BETPOP","HF","HF5","coresWithoutCookies",868.246305678437
"581","BETPOP_HF5_P6",2020,"BETPOP","HF","HF5","coresWithoutCookies",356.583227435366
"582","BETPOP_HF5_P6",2021,"BETPOP","HF","HF5","coresWithoutCookies",876.412403411572
"583","BETPOP_HF5_P6",2022,"BETPOP","HF","HF5","coresWithoutCookies",315.339265466746
"584","ALNINC_HF8_P12",2017,"ALNINC","HF","HF8","coresWithoutCookies",32.8032287818138
"585","ALNINC_HF8_P12",2018,"ALNINC","HF","HF8","coresWithoutCookies",251.70795365664
"586","ALNINC_HF8_P12",2019,"ALNINC","HF","HF8","coresWithoutCookies",341.63535680199
"587","ALNINC_HF8_P12",2020,"ALNINC","HF","HF8","coresWithoutCookies",138.662528484947
"588","ALNINC_HF8_P12",2021,"ALNINC","HF","HF8","coresWithoutCookies",569.486508927761
"589","ALNINC_HF8_P12",2022,"ALNINC","HF","HF8","coresWithoutCookies",188.36546510962
"590","ALNINC_HF9_P6",2018,"ALNINC","HF","HF9","coresWithoutCookies",169.937527509802
"591","ALNINC_HF9_P6",2019,"ALNINC","HF","HF9","coresWithoutCookies",289.355305938626
"592","ALNINC_HF9_P6",2020,"ALNINC","HF","HF9","coresWithoutCookies",283.388318664774
"593","ALNINC_HF9_P6",2021,"ALNINC","HF","HF9","coresWithoutCookies",576.401039187526
"594","ALNINC_HF9_P6",2022,"ALNINC","HF","HF9","coresWithoutCookies",280.273081083282
"595","BETALL_SH4A_P9",2018,"BETALL","SH","SH4A","coresWithoutCookies",15.8346087217968
"596","BETALL_SH4A_P9",2019,"BETALL","SH","SH4A","coresWithoutCookies",33.6859132104017
"597","BETALL_SH4A_P9",2020,"BETALL","SH","SH4A","coresWithoutCookies",68.2717389036805
"598","BETALL_SH4A_P9",2021,"BETALL","SH","SH4A","coresWithoutCookies",182.837286512667
"599","BETALL_SH4A_P9",2022,"BETALL","SH","SH4A","coresWithoutCookies",81.9193981456925
"600","BETALL_WM8_P9",2017,"BETALL","WM","WM8","coresWithoutCookies",63.4418032129231
"601","BETALL_WM8_P9",2018,"BETALL","WM","WM8","coresWithoutCookies",190.261564496403
"602","BETALL_WM8_P9",2019,"BETALL","WM","WM8","coresWithoutCookies",369.855923142846
"603","BETALL_WM8_P9",2020,"BETALL","WM","WM8","coresWithoutCookies",224.130905814238
"604","BETALL_WM8_P9",2021,"BETALL","WM","WM8","coresWithoutCookies",532.21817384014
"605","BETALL_WM8_P9",2022,"BETALL","WM","WM8","coresWithoutCookies",261.558347050295
