"";"treeid";"spp";"site";"plot";"replicate";"year";"lengthCM";"sampleType"
"1";"ALNINC_GR11_P1";"ALNINC";"GR";"11";"P1";2017;0,1905;"cookies"
"4";"ALNINC_GR11_P1";"ALNINC";"GR";"11";"P1";2018;0,597746666666667;"cookies"
"7";"ALNINC_GR11_P1";"ALNINC";"GR";"11";"P1";2019;0,43688;"cookies"
"10";"ALNINC_GR11_P1";"ALNINC";"GR";"11";"P1";2020;0,219286666666667;"cookies"
"13";"ALNINC_GR11_P1";"ALNINC";"GR";"11";"P1";2021;0,48006;"cookies"
"16";"ALNINC_GR11_P1";"ALNINC";"GR";"11";"P1";2022;0,158326666666667;"cookies"
"19";"ALNINC_GR11_P15";"ALNINC";"GR";"11";"P15";2018;0,451273333333333;"cookies"
"22";"ALNINC_GR11_P15";"ALNINC";"GR";"11";"P15";2019;0,37084;"cookies"
"25";"ALNINC_GR11_P15";"ALNINC";"GR";"11";"P15";2020;0,272626666666667;"cookies"
"28";"ALNINC_GR11_P15";"ALNINC";"GR";"11";"P15";2021;0,443653333333333;"cookies"
"31";"ALNINC_GR11_P15";"ALNINC";"GR";"11";"P15";2022;0,14224;"cookies"
"70";"ALNINC_GR8_P16";"ALNINC";"GR";"8";"P16";2016;0,149013333333333;"cookies"
"73";"ALNINC_GR8_P16";"ALNINC";"GR";"8";"P16";2017;0,55118;"cookies"
"76";"ALNINC_GR8_P16";"ALNINC";"GR";"8";"P16";2018;0,436033333333333;"cookies"
"79";"ALNINC_GR8_P16";"ALNINC";"GR";"8";"P16";2019;0,27432;"cookies"
"82";"ALNINC_GR8_P16";"ALNINC";"GR";"8";"P16";2020;0,06096;"cookies"
"85";"ALNINC_GR8_P16";"ALNINC";"GR";"8";"P16";2021;0,397933333333333;"cookies"
"88";"ALNINC_GR8_P16";"ALNINC";"GR";"8";"P16";2022;0,0982133333333333;"cookies"
"91";"ALNINC_GR8_P3";"ALNINC";"GR";"8";"P3";2016;0,323426666666667;"cookiesUnconfident"
"34";"ALNINC_GR11A_P3";"ALNINC";"GR";"11";"P3";2017;0,186266666666667;"cookies"
"52";"ALNINC_GR11B_P3";"ALNINC";"GR";"11";"P3";2017;0,173566666666667;"cookiesUnconfident"
"94";"ALNINC_GR8_P3";"ALNINC";"GR";"8";"P3";2017;0,438573333333333;"cookiesUnconfident"
"37";"ALNINC_GR11A_P3";"ALNINC";"GR";"11";"P3";2018;0,527473333333333;"cookies"
"55";"ALNINC_GR11B_P3";"ALNINC";"GR";"11";"P3";2018;0,780626666666667;"cookiesUnconfident"
"97";"ALNINC_GR8_P3";"ALNINC";"GR";"8";"P3";2018;0,602826666666667;"cookiesUnconfident"
"40";"ALNINC_GR11A_P3";"ALNINC";"GR";"11";"P3";2019;0,435186666666667;"cookies"
"58";"ALNINC_GR11B_P3";"ALNINC";"GR";"11";"P3";2019;0,6096;"cookiesUnconfident"
"100";"ALNINC_GR8_P3";"ALNINC";"GR";"8";"P3";2019;0,403013333333333;"cookiesUnconfident"
"43";"ALNINC_GR11A_P3";"ALNINC";"GR";"11";"P3";2020;0,247226666666667;"cookies"
"61";"ALNINC_GR11B_P3";"ALNINC";"GR";"11";"P3";2020;0,12192;"cookiesUnconfident"
"103";"ALNINC_GR8_P3";"ALNINC";"GR";"8";"P3";2020;0,10922;"cookiesUnconfident"
"46";"ALNINC_GR11A_P3";"ALNINC";"GR";"11";"P3";2021;0,344593333333333;"cookies"
"64";"ALNINC_GR11B_P3";"ALNINC";"GR";"11";"P3";2021;0,100753333333333;"cookiesUnconfident"
"106";"ALNINC_GR8_P3";"ALNINC";"GR";"8";"P3";2021;0,110913333333333;"cookiesUnconfident"
"49";"ALNINC_GR11A_P3";"ALNINC";"GR";"11";"P3";2022;0,169333333333333;"cookies"
"67";"ALNINC_GR11B_P3";"ALNINC";"GR";"11";"P3";2022;0,0474133333333333;"cookiesUnconfident"
"109";"ALNINC_GR8_P3";"ALNINC";"GR";"8";"P3";2022;0,0745066666666667;"cookiesUnconfident"
"112";"ALNINC_GR8A_P5";"ALNINC";"GR";"8A";"P5";2017;0,138006666666667;"cookies"
"115";"ALNINC_GR8A_P5";"ALNINC";"GR";"8A";"P5";2018;0,64008;"cookies"
"130";"ALNINC_GR8B_P5";"ALNINC";"GR";"8B";"P5";2018;0,214206666666667;"cookiesUnconfident"
"118";"ALNINC_GR8A_P5";"ALNINC";"GR";"8A";"P5";2019;0,50038;"cookies"
"133";"ALNINC_GR8B_P5";"ALNINC";"GR";"8B";"P5";2019;0,469053333333333;"cookiesUnconfident"
"121";"ALNINC_GR8A_P5";"ALNINC";"GR";"8A";"P5";2020;0,176106666666667;"cookies"
"138";"ALNINC_GR8B_P5";"ALNINC";"GR";"8B";"P5";2020;0,6731;"cookiesUnconfident"
"124";"ALNINC_GR8A_P5";"ALNINC";"GR";"8A";"P5";2021;0,24892;"cookies"
"143";"ALNINC_GR8B_P5";"ALNINC";"GR";"8B";"P5";2021;0,47498;"cookiesUnconfident"
"127";"ALNINC_GR8A_P5";"ALNINC";"GR";"8A";"P5";2022;0,112606666666667;"cookies"
"148";"ALNINC_GR8B_P5";"ALNINC";"GR";"8B";"P5";2022;0,2794;"cookiesUnconfident"
"153";"ALNINC_HF1_P1";"ALNINC";"HF";"1";"P1";2017;0,161713333333333;"cookies"
"189";"ALNINC_HF2_P1";"ALNINC";"HF";"2";"P1";2017;0,226906666666667;"cookies"
"156";"ALNINC_HF1_P1";"ALNINC";"HF";"1";"P1";2018;0,33274;"cookies"
"192";"ALNINC_HF2_P1";"ALNINC";"HF";"2";"P1";2018;0,41148;"cookies"
"159";"ALNINC_HF1_P1";"ALNINC";"HF";"1";"P1";2019;0,25146;"cookies"
"195";"ALNINC_HF2_P1";"ALNINC";"HF";"2";"P1";2019;0,291253333333333;"cookies"
"162";"ALNINC_HF1_P1";"ALNINC";"HF";"1";"P1";2020;0,104986666666667;"cookies"
"198";"ALNINC_HF2_P1";"ALNINC";"HF";"2";"P1";2020;0,118533333333333;"cookies"
"165";"ALNINC_HF1_P1";"ALNINC";"HF";"1";"P1";2021;0,206586666666667;"cookies"
"201";"ALNINC_HF2_P1";"ALNINC";"HF";"2";"P1";2021;0,325966666666667;"cookies"
"168";"ALNINC_HF1_P1";"ALNINC";"HF";"1";"P1";2022;0,110913333333333;"cookies"
"204";"ALNINC_HF2_P1";"ALNINC";"HF";"2";"P1";2022;0,09652;"cookies"
"225";"ALNINC_HF8_P12";"ALNINC";"HF";"8";"P12";2017;0,32131;"coresWithoutCookies"
"227";"ALNINC_HF8_P12";"ALNINC";"HF";"8";"P12";2018;0,62738;"coresWithoutCookies"
"229";"ALNINC_HF8_P12";"ALNINC";"HF";"8";"P12";2019;0,45339;"coresWithoutCookies"
"231";"ALNINC_HF8_P12";"ALNINC";"HF";"8";"P12";2020;0,14605;"coresWithoutCookies"
"233";"ALNINC_HF8_P12";"ALNINC";"HF";"8";"P12";2021;0,51054;"coresWithoutCookies"
"235";"ALNINC_HF8_P12";"ALNINC";"HF";"8";"P12";2022;0,1397;"coresWithoutCookies"
"237";"ALNINC_HF9_P15";"ALNINC";"HF";"9";"P15";2021;0,656166666666667;"cookies"
"240";"ALNINC_HF9_P15";"ALNINC";"HF";"9";"P15";2022;0,397933333333333;"cookies"
"171";"ALNINC_HF1_P16";"ALNINC";"HF";"1";"P16";2017;0,0821266666666667;"cookies"
"174";"ALNINC_HF1_P16";"ALNINC";"HF";"1";"P16";2018;0,318346666666667;"cookies"
"177";"ALNINC_HF1_P16";"ALNINC";"HF";"1";"P16";2019;0,343746666666667;"cookies"
"180";"ALNINC_HF1_P16";"ALNINC";"HF";"1";"P16";2020;0,215053333333333;"cookies"
"183";"ALNINC_HF1_P16";"ALNINC";"HF";"1";"P16";2021;0,602826666666667;"cookies"
"186";"ALNINC_HF1_P16";"ALNINC";"HF";"1";"P16";2022;0,178646666666667;"cookies"
"243";"ALNINC_HF9_P2";"ALNINC";"HF";"9";"P2";2017;0,333586666666667;"cookies"
"246";"ALNINC_HF9_P2";"ALNINC";"HF";"9";"P2";2018;0,367453333333333;"cookies"
"249";"ALNINC_HF9_P2";"ALNINC";"HF";"9";"P2";2019;0,27432;"cookies"
"252";"ALNINC_HF9_P2";"ALNINC";"HF";"9";"P2";2020;0,161713333333333;"cookies"
"255";"ALNINC_HF9_P2";"ALNINC";"HF";"9";"P2";2021;0,529166666666667;"cookies"
"258";"ALNINC_HF9_P2";"ALNINC";"HF";"9";"P2";2022;0,163406666666667;"cookies"
"207";"ALNINC_HF5_P6";"ALNINC";"HF";"5";"P6";2017;0,0922866666666667;"cookies"
"210";"ALNINC_HF5_P6";"ALNINC";"HF";"5";"P6";2018;0,440266666666667;"cookies"
"261";"ALNINC_HF9_P6";"ALNINC";"HF";"9";"P6";2018;0,73152;"coresWithoutCookies"
"213";"ALNINC_HF5_P6";"ALNINC";"HF";"5";"P6";2019;0,45974;"cookies"
"263";"ALNINC_HF9_P6";"ALNINC";"HF";"9";"P6";2019;0,47625;"coresWithoutCookies"
"216";"ALNINC_HF5_P6";"ALNINC";"HF";"5";"P6";2020;0,328506666666667;"cookies"
"265";"ALNINC_HF9_P6";"ALNINC";"HF";"9";"P6";2020;0,32893;"coresWithoutCookies"
"219";"ALNINC_HF5_P6";"ALNINC";"HF";"5";"P6";2021;0,7112;"cookies"
"267";"ALNINC_HF9_P6";"ALNINC";"HF";"9";"P6";2021;0,50927;"coresWithoutCookies"
"222";"ALNINC_HF5_P6";"ALNINC";"HF";"5";"P6";2022;0,255693333333333;"cookies"
"269";"ALNINC_HF9_P6";"ALNINC";"HF";"9";"P6";2022;0,20447;"coresWithoutCookies"
"271";"ALNINC_SH1_P1";"ALNINC";"SH";"1";"P1";2017;0,173566666666667;"cookies"
"274";"ALNINC_SH1_P1";"ALNINC";"SH";"1";"P1";2018;0,527473333333333;"cookies"
"277";"ALNINC_SH1_P1";"ALNINC";"SH";"1";"P1";2019;0,409786666666667;"cookies"
"280";"ALNINC_SH1_P1";"ALNINC";"SH";"1";"P1";2020;0,2032;"cookies"
"283";"ALNINC_SH1_P1";"ALNINC";"SH";"1";"P1";2021;0,32004;"cookies"
"286";"ALNINC_SH1_P1";"ALNINC";"SH";"1";"P1";2022;0,1143;"cookies"
"289";"ALNINC_SH1_P12";"ALNINC";"SH";"1";"P12";2016;0,140546666666667;"cookies"
"294";"ALNINC_SH1_P12";"ALNINC";"SH";"1";"P12";2017;0,174413333333333;"cookies"
"299";"ALNINC_SH1_P12";"ALNINC";"SH";"1";"P12";2018;0,262466666666667;"cookies"
"304";"ALNINC_SH1_P12";"ALNINC";"SH";"1";"P12";2019;0,52832;"cookies"
"309";"ALNINC_SH1_P12";"ALNINC";"SH";"1";"P12";2020;0,358986666666667;"cookies"
"314";"ALNINC_SH1_P12";"ALNINC";"SH";"1";"P12";2021;0,31496;"cookies"
"319";"ALNINC_SH1_P12";"ALNINC";"SH";"1";"P12";2022;0,0440266666666667;"cookies"
"342";"ALNINC_SH4_P15";"ALNINC";"SH";"4";"P15";2017;0,231986666666667;"cookies"
"345";"ALNINC_SH4_P15";"ALNINC";"SH";"4";"P15";2018;0,572346666666667;"cookies"
"348";"ALNINC_SH4_P15";"ALNINC";"SH";"4";"P15";2019;0,488526666666667;"cookies"
"351";"ALNINC_SH4_P15";"ALNINC";"SH";"4";"P15";2020;0,31496;"cookies"
"354";"ALNINC_SH4_P15";"ALNINC";"SH";"4";"P15";2021;0,646853333333333;"cookies"
"357";"ALNINC_SH4_P15";"ALNINC";"SH";"4";"P15";2022;0,15748;"cookies"
"324";"ALNINC_SH3_P16";"ALNINC";"SH";"3";"P16";2017;0,18034;"cookies"
"327";"ALNINC_SH3_P16";"ALNINC";"SH";"3";"P16";2018;0,626533333333333;"cookies"
"330";"ALNINC_SH3_P16";"ALNINC";"SH";"3";"P16";2019;0,540173333333333;"cookies"
"333";"ALNINC_SH3_P16";"ALNINC";"SH";"3";"P16";2020;0,26162;"cookies"
"336";"ALNINC_SH3_P16";"ALNINC";"SH";"3";"P16";2021;0,50292;"cookies"
"339";"ALNINC_SH3_P16";"ALNINC";"SH";"3";"P16";2022;0,125306666666667;"cookies"
"360";"ALNINC_SH4_P2";"ALNINC";"SH";"4";"P2";2015;0,224366666666667;"cookiesUnconfident"
"363";"ALNINC_SH4_P2";"ALNINC";"SH";"4";"P2";2016;0,4953;"cookiesUnconfident"
"366";"ALNINC_SH4_P2";"ALNINC";"SH";"4";"P2";2017;0,546946666666667;"cookiesUnconfident"
"384";"ALNINC_SH5_P2";"ALNINC";"SH";"5";"P2";2017;0,176953333333333;"cookies"
"369";"ALNINC_SH4_P2";"ALNINC";"SH";"4";"P2";2018;0,66802;"cookiesUnconfident"
"387";"ALNINC_SH5_P2";"ALNINC";"SH";"5";"P2";2018;0,364066666666667;"cookies"
"372";"ALNINC_SH4_P2";"ALNINC";"SH";"4";"P2";2019;0,475826666666667;"cookiesUnconfident"
"390";"ALNINC_SH5_P2";"ALNINC";"SH";"5";"P2";2019;0,242146666666667;"cookies"
"375";"ALNINC_SH4_P2";"ALNINC";"SH";"4";"P2";2020;0,0855133333333333;"cookiesUnconfident"
"393";"ALNINC_SH5_P2";"ALNINC";"SH";"5";"P2";2020;0,0956733333333333;"cookies"
"378";"ALNINC_SH4_P2";"ALNINC";"SH";"4";"P2";2021;0,13208;"cookiesUnconfident"
"396";"ALNINC_SH5_P2";"ALNINC";"SH";"5";"P2";2021;0,219286666666667;"cookies"
"381";"ALNINC_SH4_P2";"ALNINC";"SH";"4";"P2";2022;0,11176;"cookiesUnconfident"
"399";"ALNINC_SH5_P2";"ALNINC";"SH";"5";"P2";2022;0,0956733333333333;"cookies"
"402";"ALNINC_SH5_P3";"ALNINC";"SH";"5";"P3";2017;0,0745066666666667;"cookies"
"405";"ALNINC_SH5_P3";"ALNINC";"SH";"5";"P3";2018;0,727286666666667;"cookies"
"408";"ALNINC_SH5_P3";"ALNINC";"SH";"5";"P3";2019;0,504613333333333;"cookies"
"411";"ALNINC_SH5_P3";"ALNINC";"SH";"5";"P3";2020;0,130386666666667;"cookies"
"414";"ALNINC_SH5_P3";"ALNINC";"SH";"5";"P3";2021;0,235373333333333;"cookies"
"417";"ALNINC_SH5_P3";"ALNINC";"SH";"5";"P3";2022;0,0694266666666667;"cookies"
"420";"ALNINC_SH6_P5";"ALNINC";"SH";"6";"P5";2016;0,47752;"coresUnconfident"
"422";"ALNINC_SH6_P5";"ALNINC";"SH";"6";"P5";2017;0,54356;"coresUnconfident"
"424";"ALNINC_SH6_P5";"ALNINC";"SH";"6";"P5";2018;0,64008;"coresUnconfident"
"426";"ALNINC_SH6_P5";"ALNINC";"SH";"6";"P5";2019;0,50292;"coresUnconfident"
"428";"ALNINC_SH6_P5";"ALNINC";"SH";"6";"P5";2020;0,1651;"coresUnconfident"
"430";"ALNINC_SH6_P5";"ALNINC";"SH";"6";"P5";2021;0,18669;"coresUnconfident"
"432";"ALNINC_SH6_P5";"ALNINC";"SH";"6";"P5";2022;0,12573;"coresUnconfident"
"434";"ALNINC_WM1_P1";"ALNINC";"WM";"1";"P1";2017;0,25654;"cookiesUnconfident"
"452";"ALNINC_WM2A_P1";"ALNINC";"WM";"2A";"P1";2017;0,225213333333333;"cookies"
"480";"ALNINC_WM5_P1";"ALNINC";"WM";"5";"P1";2017;0,184573333333333;"cookies"
"437";"ALNINC_WM1_P1";"ALNINC";"WM";"1";"P1";2018;0,575733333333333;"cookiesUnconfident"
"455";"ALNINC_WM2A_P1";"ALNINC";"WM";"2A";"P1";2018;0,63246;"cookies"
"483";"ALNINC_WM5_P1";"ALNINC";"WM";"5";"P1";2018;0,729826666666667;"cookies"
"440";"ALNINC_WM1_P1";"ALNINC";"WM";"1";"P1";2019;0,465666666666667;"cookiesUnconfident"
"458";"ALNINC_WM2A_P1";"ALNINC";"WM";"2A";"P1";2019;0,511386666666667;"cookies"
"486";"ALNINC_WM5_P1";"ALNINC";"WM";"5";"P1";2019;0,546946666666667;"cookies"
"443";"ALNINC_WM1_P1";"ALNINC";"WM";"1";"P1";2020;0,1397;"cookiesUnconfident"
"461";"ALNINC_WM2A_P1";"ALNINC";"WM";"2A";"P1";2020;0,171873333333333;"cookies"
"489";"ALNINC_WM5_P1";"ALNINC";"WM";"5";"P1";2020;0,201506666666667;"cookies"
"446";"ALNINC_WM1_P1";"ALNINC";"WM";"1";"P1";2021;0,121073333333333;"cookiesUnconfident"
"464";"ALNINC_WM2A_P1";"ALNINC";"WM";"2A";"P1";2021;0,389466666666667;"cookies"
"492";"ALNINC_WM5_P1";"ALNINC";"WM";"5";"P1";2021;0,3302;"cookies"
"449";"ALNINC_WM1_P1";"ALNINC";"WM";"1";"P1";2022;0,04826;"cookiesUnconfident"
"467";"ALNINC_WM2A_P1";"ALNINC";"WM";"2A";"P1";2022;0,131233333333333;"cookies"
"495";"ALNINC_WM5_P1";"ALNINC";"WM";"5";"P1";2022;0,155786666666667;"cookies"
"498";"ALNINC_WM5A_P16";"ALNINC";"WM";"5A";"P16";2017;0,0846666666666667;"cookies"
"501";"ALNINC_WM5A_P16";"ALNINC";"WM";"5A";"P16";2018;0,341206666666667;"cookies"
"516";"ALNINC_WM5B_P16";"ALNINC";"WM";"5B";"P16";2018;0,263313333333333;"cookies"
"504";"ALNINC_WM5A_P16";"ALNINC";"WM";"5A";"P16";2019;0,447886666666667;"cookies"
"519";"ALNINC_WM5B_P16";"ALNINC";"WM";"5B";"P16";2019;0,530013333333333;"cookies"
"507";"ALNINC_WM5A_P16";"ALNINC";"WM";"5A";"P16";2020;0,265006666666667;"cookies"
"522";"ALNINC_WM5B_P16";"ALNINC";"WM";"5B";"P16";2020;0,311573333333333;"cookies"
"510";"ALNINC_WM5A_P16";"ALNINC";"WM";"5A";"P16";2021;0,597746666666667;"cookies"
"525";"ALNINC_WM5B_P16";"ALNINC";"WM";"5B";"P16";2021;0,790786666666667;"cookies"
"513";"ALNINC_WM5A_P16";"ALNINC";"WM";"5A";"P16";2022;0,183726666666667;"cookies"
"528";"ALNINC_WM5B_P16";"ALNINC";"WM";"5B";"P16";2022;0,15494;"cookies"
"531";"ALNINC_WM5B_P2";"ALNINC";"WM";"5B";"P2";2018;0,6477;"cookies"
"534";"ALNINC_WM5B_P2";"ALNINC";"WM";"5B";"P2";2019;0,530013333333333;"cookies"
"537";"ALNINC_WM5B_P2";"ALNINC";"WM";"5B";"P2";2020;0,141393333333333;"cookies"
"540";"ALNINC_WM5B_P2";"ALNINC";"WM";"5B";"P2";2021;0,225213333333333;"cookies"
"543";"ALNINC_WM5B_P2";"ALNINC";"WM";"5B";"P2";2022;0,0719666666666667;"cookies"
"594";"BETALL_GR13_P1";"BETALL";"GR";"13";"P1";2016;0,229446666666667;"cookies"
"546";"BETALL_GR12_P1";"BETALL";"GR";"12";"P1";2017;0,234526666666667;"cookies"
"597";"BETALL_GR13_P1";"BETALL";"GR";"13";"P1";2017;0,07366;"cookies"
"550";"BETALL_GR12_P1";"BETALL";"GR";"12";"P1";2018;0,308186666666667;"cookies"
"602";"BETALL_GR13_P1";"BETALL";"GR";"13";"P1";2018;0,361526666666667;"cookies"
"554";"BETALL_GR12_P1";"BETALL";"GR";"12";"P1";2019;0,4953;"cookies"
"607";"BETALL_GR13_P1";"BETALL";"GR";"13";"P1";2019;0,24638;"cookies"
"558";"BETALL_GR12_P1";"BETALL";"GR";"12";"P1";2020;0,366606666666667;"cookies"
"612";"BETALL_GR13_P1";"BETALL";"GR";"13";"P1";2020;0,31242;"cookies"
"562";"BETALL_GR12_P1";"BETALL";"GR";"12";"P1";2021;0,737446666666667;"cookies"
"617";"BETALL_GR13_P1";"BETALL";"GR";"13";"P1";2021;0,747606666666667;"cookies"
"566";"BETALL_GR12_P1";"BETALL";"GR";"12";"P1";2022;0,22098;"cookies"
"622";"BETALL_GR13_P1";"BETALL";"GR";"13";"P1";2022;0,224366666666667;"cookies"
"570";"BETALL_GR12_P1";"BETALL";"GR";"12";"P1";2023;0,43688;"cookies"
"627";"BETALL_GR13_P1";"BETALL";"GR";"13";"P1";2023;0,344593333333333;"cookies"
"630";"BETALL_GR13_P15";"BETALL";"GR";"13";"P15";2016;0,28194;"cookies"
"633";"BETALL_GR13_P15";"BETALL";"GR";"13";"P15";2017;0,306493333333333;"cookies"
"690";"BETALL_GR14_P15";"BETALL";"GR";"14";"P15";2017;0,141393333333333;"cookies"
"636";"BETALL_GR13_P15";"BETALL";"GR";"13";"P15";2018;0,143086666666667;"cookies"
"693";"BETALL_GR14_P15";"BETALL";"GR";"14";"P15";2018;0,12192;"cookies"
"639";"BETALL_GR13_P15";"BETALL";"GR";"13";"P15";2019;0,153924;"cookies"
"696";"BETALL_GR14_P15";"BETALL";"GR";"14";"P15";2019;0,0778933333333333;"cookies"
"644";"BETALL_GR13_P15";"BETALL";"GR";"13";"P15";2020;0,0389466666666667;"cookies"
"699";"BETALL_GR14_P15";"BETALL";"GR";"14";"P15";2020;0,374226666666667;"cookies"
"647";"BETALL_GR13_P15";"BETALL";"GR";"13";"P15";2021;0,300566666666667;"cookies"
"702";"BETALL_GR14_P15";"BETALL";"GR";"14";"P15";2021;0,4445;"cookies"
"650";"BETALL_GR13_P15";"BETALL";"GR";"13";"P15";2022;0,0948266666666667;"cookies"
"705";"BETALL_GR14_P15";"BETALL";"GR";"14";"P15";2022;0,24384;"cookies"
"653";"BETALL_GR13_P2";"BETALL";"GR";"13";"P2";2016;0,171026666666667;"cookies"
"656";"BETALL_GR13_P2";"BETALL";"GR";"13";"P2";2017;0,31242;"cookies"
"659";"BETALL_GR13_P2";"BETALL";"GR";"13";"P2";2018;0,493606666666667;"cookies"
"664";"BETALL_GR13_P2";"BETALL";"GR";"13";"P2";2019;0,50927;"cookies"
"670";"BETALL_GR13_P2";"BETALL";"GR";"13";"P2";2020;0,233045;"cookies"
"676";"BETALL_GR13_P2";"BETALL";"GR";"13";"P2";2021;0,71374;"cookies"
"681";"BETALL_GR13_P2";"BETALL";"GR";"13";"P2";2022;0,52578;"cookies"
"687";"BETALL_GR13_P2";"BETALL";"GR";"13";"P2";2023;0,379306666666667;"cookies"
"573";"BETALL_GR12_P3";"BETALL";"GR";"12";"P3";2016;0,18288;"cookies"
"576";"BETALL_GR12_P3";"BETALL";"GR";"12";"P3";2017;0,149013333333333;"cookies"
"708";"BETALL_GR9_P3";"BETALL";"GR";"9";"P3";2017;0,18034;"cookies"
"579";"BETALL_GR12_P3";"BETALL";"GR";"12";"P3";2018;0,442806666666667;"cookies"
"715";"BETALL_GR9_P3";"BETALL";"GR";"9";"P3";2018;0,37338;"cookies"
"582";"BETALL_GR12_P3";"BETALL";"GR";"12";"P3";2019;0,41148;"cookies"
"722";"BETALL_GR9_P3";"BETALL";"GR";"9";"P3";2019;0,590973333333333;"cookies"
"585";"BETALL_GR12_P3";"BETALL";"GR";"12";"P3";2020;0,117686666666667;"cookies"
"729";"BETALL_GR9_P3";"BETALL";"GR";"9";"P3";2020;0,385233333333333;"cookies"
"588";"BETALL_GR12_P3";"BETALL";"GR";"12";"P3";2021;0,151553333333333;"cookies"
"736";"BETALL_GR9_P3";"BETALL";"GR";"9";"P3";2021;0,206586666666667;"cookies"
"591";"BETALL_GR12_P3";"BETALL";"GR";"12";"P3";2022;0,117686666666667;"cookies"
"743";"BETALL_GR9_P3";"BETALL";"GR";"9";"P3";2022;0,255693333333333;"cookies"
"750";"BETALL_GR9_PNA";"BETALL";"GR";"9";"PNA";2016;0,255693333333333;"cookies"
"753";"BETALL_GR9_PNA";"BETALL";"GR";"9";"PNA";2017;0,371686666666667;"cookies"
"756";"BETALL_GR9_PNA";"BETALL";"GR";"9";"PNA";2018;0,43434;"cookies"
"759";"BETALL_GR9_PNA";"BETALL";"GR";"9";"PNA";2019;0,314113333333333;"cookies"
"762";"BETALL_GR9_PNA";"BETALL";"GR";"9";"PNA";2020;0,1143;"cookies"
"765";"BETALL_GR9_PNA";"BETALL";"GR";"9";"PNA";2021;0,138006666666667;"cookies"
"768";"BETALL_GR9_PNA";"BETALL";"GR";"9";"PNA";2022;0,0880533333333333;"cookies"
"771";"BETALL_GR9_PNA";"BETALL";"GR";"9";"PNA";2023;0,192193333333333;"cookies"
"802";"BETALL_SH4_P3";"BETALL";"SH";"4";"P3";2016;0,125306666666667;"cookies"
"805";"BETALL_SH4_P3";"BETALL";"SH";"4";"P3";2017;0,35052;"cookies"
"808";"BETALL_SH4_P3";"BETALL";"SH";"4";"P3";2018;0,409786666666667;"cookies"
"813";"BETALL_SH4_P3";"BETALL";"SH";"4";"P3";2019;0,237913333333333;"cookies"
"818";"BETALL_SH4_P3";"BETALL";"SH";"4";"P3";2020;0,222673333333333;"cookies"
"823";"BETALL_SH4_P3";"BETALL";"SH";"4";"P3";2021;0,154093333333333;"cookies"
"828";"BETALL_SH4_P3";"BETALL";"SH";"4";"P3";2022;0,120226666666667;"cookies"
"875";"BETALL_SH9_P6";"BETALL";"SH";"9";"P6";2016;0,231986666666667;"cookies"
"845";"BETALL_SH5_P6";"BETALL";"SH";"5";"P6";2017;0,132926666666667;"cookies"
"878";"BETALL_SH9_P6";"BETALL";"SH";"9";"P6";2017;0,265853333333333;"cookies"
"774";"BETALL_SH2_P6";"BETALL";"SH";"2";"P6";2018;0,498686666666667;"cookies"
"850";"BETALL_SH5_P6";"BETALL";"SH";"5";"P6";2018;0,293793333333333;"cookies"
"881";"BETALL_SH9_P6";"BETALL";"SH";"9";"P6";2018;0,471593333333333;"cookies"
"779";"BETALL_SH2_P6";"BETALL";"SH";"2";"P6";2019;0,385233333333333;"cookies"
"855";"BETALL_SH5_P6";"BETALL";"SH";"5";"P6";2019;0,2794;"cookies"
"884";"BETALL_SH9_P6";"BETALL";"SH";"9";"P6";2019;0,377613333333333;"cookies"
"784";"BETALL_SH2_P6";"BETALL";"SH";"2";"P6";2020;0,224366666666667;"cookies"
"860";"BETALL_SH5_P6";"BETALL";"SH";"5";"P6";2020;0,259926666666667;"cookies"
"887";"BETALL_SH9_P6";"BETALL";"SH";"9";"P6";2020;0,42418;"cookies"
"789";"BETALL_SH2_P6";"BETALL";"SH";"2";"P6";2021;0,151553333333333;"cookies"
"865";"BETALL_SH5_P6";"BETALL";"SH";"5";"P6";2021;0,219286666666667;"cookies"
"890";"BETALL_SH9_P6";"BETALL";"SH";"9";"P6";2021;0,16764;"cookies"
"794";"BETALL_SH2_P6";"BETALL";"SH";"2";"P6";2022;0,115146666666667;"cookies"
"870";"BETALL_SH5_P6";"BETALL";"SH";"5";"P6";2022;0,127846666666667;"cookies"
"893";"BETALL_SH9_P6";"BETALL";"SH";"9";"P6";2022;0,298873333333333;"cookies"
"799";"BETALL_SH2_P6";"BETALL";"SH";"2";"P6";2023;0,154093333333333;"cookies"
"896";"BETALL_SH9_P6";"BETALL";"SH";"9";"P6";2023;0,450426666666667;"cookies"
"899";"BETALL_SH9_P9";"BETALL";"SH";"9";"P9";2017;0,20828;"cookies"
"833";"BETALL_SH4A_P9";"BETALL";"SH";"4A";"P9";2018;0,22225;"coresWithoutCookies"
"901";"BETALL_SH9_P9";"BETALL";"SH";"9";"P9";2018;0,149013333333333;"cookies"
"835";"BETALL_SH4A_P9";"BETALL";"SH";"4A";"P9";2019;0,16764;"coresWithoutCookies"
"904";"BETALL_SH9_P9";"BETALL";"SH";"9";"P9";2019;0,37592;"cookies"
"837";"BETALL_SH4A_P9";"BETALL";"SH";"4A";"P9";2020;0,21844;"coresWithoutCookies"
"907";"BETALL_SH9_P9";"BETALL";"SH";"9";"P9";2020;0,45212;"cookies"
"839";"BETALL_SH4A_P9";"BETALL";"SH";"4A";"P9";2021;0,36195;"coresWithoutCookies"
"912";"BETALL_SH9_P9";"BETALL";"SH";"9";"P9";2021;0,159173333333333;"cookies"
"841";"BETALL_SH4A_P9";"BETALL";"SH";"4A";"P9";2022;0,12573;"coresWithoutCookies"
"917";"BETALL_SH9_P9";"BETALL";"SH";"9";"P9";2022;0,402166666666667;"cookies"
"922";"BETALL_WM8_P1";"BETALL";"WM";"8";"P1";2017;0,30226;"cookies"
"925";"BETALL_WM8_P1";"BETALL";"WM";"8";"P1";2018;0,513926666666667;"cookies"
"929";"BETALL_WM8_P1";"BETALL";"WM";"8";"P1";2019;0,36576;"cookies"
"934";"BETALL_WM8_P1";"BETALL";"WM";"8";"P1";2020;0,409786666666667;"cookies"
"939";"BETALL_WM8_P1";"BETALL";"WM";"8";"P1";2021;0,763693333333333;"cookies"
"944";"BETALL_WM8_P1";"BETALL";"WM";"8";"P1";2022;0,226906666666667;"cookies"
"949";"BETALL_WM8_P1";"BETALL";"WM";"8";"P1";2023;0,511386666666667;"cookies"
"963";"BETALL_WM8A_P12";"BETALL";"WM";"8A";"P12";2016;0,225213333333333;"cookies"
"967";"BETALL_WM8A_P12";"BETALL";"WM";"8A";"P12";2017;0,28321;"cookies"
"1025";"BETALL_WM8B_P12";"BETALL";"WM";"8B";"P12";2017;0,209973333333333;"cookies"
"970";"BETALL_WM8A_P12";"BETALL";"WM";"8A";"P12";2018;0,309245;"cookies"
"1028";"BETALL_WM8B_P12";"BETALL";"WM";"8B";"P12";2018;0,691726666666667;"cookies"
"975";"BETALL_WM8A_P12";"BETALL";"WM";"8A";"P12";2019;0,349673333333333;"cookies"
"1033";"BETALL_WM8B_P12";"BETALL";"WM";"8B";"P12";2019;0,5461;"cookies"
"979";"BETALL_WM8A_P12";"BETALL";"WM";"8A";"P12";2020;0,08382;"cookies"
"1040";"BETALL_WM8B_P12";"BETALL";"WM";"8B";"P12";2020;0,229446666666667;"cookies"
"983";"BETALL_WM8A_P12";"BETALL";"WM";"8A";"P12";2021;0,552026666666667;"cookies"
"1047";"BETALL_WM8B_P12";"BETALL";"WM";"8B";"P12";2021;0,0872066666666667;"cookies"
"987";"BETALL_WM8A_P12";"BETALL";"WM";"8A";"P12";2022;0,214206666666667;"cookies"
"1054";"BETALL_WM8B_P12";"BETALL";"WM";"8B";"P12";2022;0,107526666666667;"cookies"
"991";"BETALL_WM8A_P12";"BETALL";"WM";"8A";"P12";2023;0,291253333333333;"cookies"
"1061";"BETALL_WM8B_P12";"BETALL";"WM";"8B";"P12";2023;0,0778933333333333;"cookies"
"1064";"BETALL_WM8B_P5";"BETALL";"WM";"8B";"P5";2015;0,1143;"cookies"
"1068";"BETALL_WM8B_P5";"BETALL";"WM";"8B";"P5";2016;0,4572;"cookies"
"1101";"BETALL_WM9_P5";"BETALL";"WM";"9";"P5";2016;0,125306666666667;"cookies"
"994";"BETALL_WM8A_P5";"BETALL";"WM";"8A";"P5";2017;0,595206666666667;"cookies"
"1072";"BETALL_WM8B_P5";"BETALL";"WM";"8B";"P5";2017;0,743373333333333;"cookies"
"1104";"BETALL_WM9_P5";"BETALL";"WM";"9";"P5";2017;0,60452;"cookies"
"998";"BETALL_WM8A_P5";"BETALL";"WM";"8A";"P5";2018;0,635;"cookies"
"1076";"BETALL_WM8B_P5";"BETALL";"WM";"8B";"P5";2018;0,0618066666666667;"cookies"
"1107";"BETALL_WM9_P5";"BETALL";"WM";"9";"P5";2018;0,545253333333333;"cookies"
"1002";"BETALL_WM8A_P5";"BETALL";"WM";"8A";"P5";2019;0,524933333333333;"cookies"
"1080";"BETALL_WM8B_P5";"BETALL";"WM";"8B";"P5";2019;0,437726666666667;"cookies"
"1112";"BETALL_WM9_P5";"BETALL";"WM";"9";"P5";2019;0,44196;"cookies"
"1007";"BETALL_WM8A_P5";"BETALL";"WM";"8A";"P5";2020;0,542713333333333;"cookies"
"1084";"BETALL_WM8B_P5";"BETALL";"WM";"8B";"P5";2020;0,231986666666667;"cookies"
"1118";"BETALL_WM9_P5";"BETALL";"WM";"9";"P5";2020;0,33782;"cookies"
"1012";"BETALL_WM8A_P5";"BETALL";"WM";"8A";"P5";2021;0,52578;"cookies"
"1088";"BETALL_WM8B_P5";"BETALL";"WM";"8B";"P5";2021;0,126153333333333;"cookies"
"1124";"BETALL_WM9_P5";"BETALL";"WM";"9";"P5";2021;0,28448;"cookies"
"1017";"BETALL_WM8A_P5";"BETALL";"WM";"8A";"P5";2022;0,216746666666667;"cookies"
"1093";"BETALL_WM8B_P5";"BETALL";"WM";"8B";"P5";2022;0,18034;"cookies"
"1131";"BETALL_WM9_P5";"BETALL";"WM";"9";"P5";2022;0,294005;"cookies"
"1022";"BETALL_WM8A_P5";"BETALL";"WM";"8A";"P5";2023;0,39878;"cookies"
"1098";"BETALL_WM8B_P5";"BETALL";"WM";"8B";"P5";2023;0,71882;"cookies"
"1137";"BETALL_WM9_P5";"BETALL";"WM";"9";"P5";2023;0,554566666666667;"cookies"
"952";"BETALL_WM8_P9";"BETALL";"WM";"8";"P9";2017;0,4445;"coresWithoutCookies"
"954";"BETALL_WM8_P9";"BETALL";"WM";"8";"P9";2018;0,45339;"coresWithoutCookies"
"956";"BETALL_WM8_P9";"BETALL";"WM";"8";"P9";2019;0,51054;"coresWithoutCookies"
"958";"BETALL_WM8_P9";"BETALL";"WM";"8";"P9";2020;0,23368;"coresWithoutCookies"
"960";"BETALL_WM8_P9";"BETALL";"WM";"8";"P9";2021;0,45339;"coresWithoutCookies"
"962";"BETALL_WM8_P9";"BETALL";"WM";"8";"P9";2022;0,19304;"coresWithoutCookies"
"1140";"BETPAP_GR5A_P2";"BETPAP";"GR";"5A";"P2";2019;0,308186666666667;"cookies"
"1152";"BETPAP_GR5B_P2";"BETPAP";"GR";"5B";"P2";2019;0,310726666666667;"cookies"
"1143";"BETPAP_GR5A_P2";"BETPAP";"GR";"5A";"P2";2020;0,427566666666667;"cookies"
"1155";"BETPAP_GR5B_P2";"BETPAP";"GR";"5B";"P2";2020;0,4318;"cookies"
"1146";"BETPAP_GR5A_P2";"BETPAP";"GR";"5A";"P2";2021;0,22606;"cookies"
"1158";"BETPAP_GR5B_P2";"BETPAP";"GR";"5B";"P2";2021;0,2286;"cookies"
"1149";"BETPAP_GR5A_P2";"BETPAP";"GR";"5A";"P2";2022;0,0397933333333333;"cookies"
"1161";"BETPAP_GR5B_P2";"BETPAP";"GR";"5B";"P2";2022;0,0423333333333333;"cookies"
"1164";"BETPAP_GR8_P6";"BETPAP";"GR";"8";"P6";2018;0,0880533333333333;"cookies"
"1167";"BETPAP_GR8_P6";"BETPAP";"GR";"8";"P6";2019;0,0982133333333333;"cookies"
"1170";"BETPAP_GR8_P6";"BETPAP";"GR";"8";"P6";2020;0,08636;"cookies"
"1173";"BETPAP_GR8_P6";"BETPAP";"GR";"8";"P6";2021;0,16002;"cookies"
"1176";"BETPAP_GR8_P6";"BETPAP";"GR";"8";"P6";2022;0,09652;"cookies"
"1179";"BETPAP_GR8_P6";"BETPAP";"GR";"8";"P6";2023;0,108373333333333;"cookies"
"1182";"BETPAP_HF16_P12";"BETPAP";"HF";"16";"P12";2018;0,36576;"cookies"
"1184";"BETPAP_HF16_P12";"BETPAP";"HF";"16";"P12";2019;0,36703;"cookies"
"1187";"BETPAP_HF16_P12";"BETPAP";"HF";"16";"P12";2020;0,641773333333333;"cookies"
"1191";"BETPAP_HF16_P12";"BETPAP";"HF";"16";"P12";2021;0,790786666666667;"cookies"
"1195";"BETPAP_HF16_P12";"BETPAP";"HF";"16";"P12";2022;0,288713333333333;"cookies"
"1199";"BETPAP_HF16_P12";"BETPAP";"HF";"16";"P12";2023;1,01430666666667;"cookies"
"1202";"BETPAP_HF16_P3";"BETPAP";"HF";"16";"P3";2017;0,191346666666667;"cookiesUnconfident"
"1205";"BETPAP_HF16_P3";"BETPAP";"HF";"16";"P3";2018;0,623146666666667;"cookiesUnconfident"
"1208";"BETPAP_HF16_P3";"BETPAP";"HF";"16";"P3";2019;0,51308;"cookiesUnconfident"
"1211";"BETPAP_HF16_P3";"BETPAP";"HF";"16";"P3";2020;0,0651933333333333;"cookiesUnconfident"
"1214";"BETPAP_HF16_P3";"BETPAP";"HF";"16";"P3";2021;0,0753533333333333;"cookiesUnconfident"
"1217";"BETPAP_HF16_P3";"BETPAP";"HF";"16";"P3";2022;0,194733333333333;"cookiesUnconfident"
"1220";"BETPAP_HF16A_P6";"BETPAP";"HF";"16";"P6";2016;0,125306666666667;"cookies"
"1223";"BETPAP_HF16A_P6";"BETPAP";"HF";"16";"P6";2017;0,219286666666667;"cookies"
"1256";"BETPAP_HF16B_P6";"BETPAP";"HF";"16";"P6";2017;0,201506666666667;"cookies"
"1228";"BETPAP_HF16A_P6";"BETPAP";"HF";"16";"P6";2018;0,417406666666667;"cookies"
"1259";"BETPAP_HF16B_P6";"BETPAP";"HF";"16";"P6";2018;0,331046666666667;"cookies"
"1233";"BETPAP_HF16A_P6";"BETPAP";"HF";"16";"P6";2019;0,390313333333333;"cookies"
"1262";"BETPAP_HF16B_P6";"BETPAP";"HF";"16";"P6";2019;0,478366666666667;"cookies"
"1238";"BETPAP_HF16A_P6";"BETPAP";"HF";"16";"P6";2020;0,367453333333333;"cookies"
"1265";"BETPAP_HF16B_P6";"BETPAP";"HF";"16";"P6";2020;0,36068;"cookies"
"1243";"BETPAP_HF16A_P6";"BETPAP";"HF";"16";"P6";2021;0,392006666666667;"cookies"
"1268";"BETPAP_HF16B_P6";"BETPAP";"HF";"16";"P6";2021;0,316653333333333;"cookies"
"1248";"BETPAP_HF16A_P6";"BETPAP";"HF";"16";"P6";2022;0,0347133333333333;"cookies"
"1271";"BETPAP_HF16B_P6";"BETPAP";"HF";"16";"P6";2022;0,128693333333333;"cookies"
"1253";"BETPAP_HF16A_P6";"BETPAP";"HF";"16";"P6";2023;0,38354;"cookies"
"1274";"BETPAP_SH1A_P1";"BETPAP";"SH";"1A";"P1";2017;0,536786666666667;"cookies"
"1277";"BETPAP_SH1A_P1";"BETPAP";"SH";"1A";"P1";2018;0,578273333333333;"cookies"
"1280";"BETPAP_SH1A_P1";"BETPAP";"SH";"1A";"P1";2019;0,42418;"cookies"
"1285";"BETPAP_SH1A_P1";"BETPAP";"SH";"1A";"P1";2020;0,562186666666667;"cookies"
"1290";"BETPAP_SH1A_P1";"BETPAP";"SH";"1A";"P1";2021;1,05918;"cookies"
"1295";"BETPAP_SH1A_P1";"BETPAP";"SH";"1A";"P1";2022;0,559646666666667;"cookies"
"1299";"BETPAP_SH1A_P1";"BETPAP";"SH";"1A";"P1";2023;1,26068666666667;"cookies"
"1343";"BETPOP_GR5_P1";"BETPOP";"GR";"5";"P1";2018;0,1143;"cookies"
"1346";"BETPOP_GR5_P1";"BETPOP";"GR";"5";"P1";2019;0,57912;"cookies"
"1351";"BETPOP_GR5_P1";"BETPOP";"GR";"5";"P1";2020;1,15062;"cookies"
"1356";"BETPOP_GR5_P1";"BETPOP";"GR";"5";"P1";2021;0,54102;"cookies"
"1361";"BETPOP_GR5_P1";"BETPOP";"GR";"5";"P1";2022;0,10668;"cookies"
"1402";"BETPOP_GR5A_P12";"BETPOP";"GR";"5A";"P12";2017;0,1905;"cookies"
"1467";"BETPOP_GR5B_P12";"BETPOP";"GR";"5B";"P12";2017;0,366606666666667;"cookies"
"1531";"BETPOP_GR5C_P12";"BETPOP";"GR";"5C";"P12";2017;0,20066;"cookies"
"1405";"BETPOP_GR5A_P12";"BETPOP";"GR";"5A";"P12";2018;0,483446666666667;"cookies"
"1470";"BETPOP_GR5B_P12";"BETPOP";"GR";"5B";"P12";2018;0,601133333333333;"cookies"
"1534";"BETPOP_GR5C_P12";"BETPOP";"GR";"5C";"P12";2018;0,36322;"cookies"
"1408";"BETPOP_GR5A_P12";"BETPOP";"GR";"5A";"P12";2019;0,33528;"cookies"
"1475";"BETPOP_GR5B_P12";"BETPOP";"GR";"5B";"P12";2019;0,423333333333333;"cookies"
"1537";"BETPOP_GR5C_P12";"BETPOP";"GR";"5C";"P12";2019;0,27686;"cookies"
"1413";"BETPOP_GR5A_P12";"BETPOP";"GR";"5A";"P12";2020;0,451273333333333;"cookies"
"1480";"BETPOP_GR5B_P12";"BETPOP";"GR";"5B";"P12";2020;0,50292;"cookies"
"1540";"BETPOP_GR5C_P12";"BETPOP";"GR";"5C";"P12";2020;0,413173333333333;"cookies"
"1418";"BETPOP_GR5A_P12";"BETPOP";"GR";"5A";"P12";2021;0,743373333333333;"cookies"
"1485";"BETPOP_GR5B_P12";"BETPOP";"GR";"5B";"P12";2021;0,674793333333333;"cookies"
"1543";"BETPOP_GR5C_P12";"BETPOP";"GR";"5C";"P12";2021;0,399626666666667;"cookies"
"1422";"BETPOP_GR5A_P12";"BETPOP";"GR";"5A";"P12";2022;0,22606;"cookies"
"1490";"BETPOP_GR5B_P12";"BETPOP";"GR";"5B";"P12";2022;0,198966666666667;"cookies"
"1546";"BETPOP_GR5C_P12";"BETPOP";"GR";"5C";"P12";2022;0,374226666666667;"cookies"
"1426";"BETPOP_GR5A_P12";"BETPOP";"GR";"5A";"P12";2023;0,39624;"cookies"
"1495";"BETPOP_GR5B_P12";"BETPOP";"GR";"5B";"P12";2023;0,46482;"cookies"
"1549";"BETPOP_GR5C_P12";"BETPOP";"GR";"5C";"P12";2023;0,369993333333333;"cookies"
"1302";"BETPOP_GR3_P16";"BETPOP";"GR";"3";"P16";2019;0,16764;"cookies"
"1307";"BETPOP_GR3_P16";"BETPOP";"GR";"3";"P16";2020;0,522393333333333;"cookies"
"1312";"BETPOP_GR3_P16";"BETPOP";"GR";"3";"P16";2021;1,12945333333333;"cookies"
"1317";"BETPOP_GR3_P16";"BETPOP";"GR";"3";"P16";2022;1,4351;"cookies"
"1429";"BETPOP_GR5A_P3";"BETPOP";"GR";"5A";"P3";2016;0,148166666666667;"cookies"
"1434";"BETPOP_GR5A_P3";"BETPOP";"GR";"5A";"P3";2017;0,511386666666667;"cookies"
"1498";"BETPOP_GR5B_P3";"BETPOP";"GR";"5B";"P3";2017;0,504613333333333;"cookies"
"1439";"BETPOP_GR5A_P3";"BETPOP";"GR";"5A";"P3";2018;0,739986666666667;"cookies"
"1503";"BETPOP_GR5B_P3";"BETPOP";"GR";"5B";"P3";2018;1,14046;"cookies"
"1444";"BETPOP_GR5A_P3";"BETPOP";"GR";"5A";"P3";2019;0,474133333333333;"cookies"
"1508";"BETPOP_GR5B_P3";"BETPOP";"GR";"5B";"P3";2019;0,6223;"cookies"
"1449";"BETPOP_GR5A_P3";"BETPOP";"GR";"5A";"P3";2020;0,0381;"cookies"
"1513";"BETPOP_GR5B_P3";"BETPOP";"GR";"5B";"P3";2020;0,18288;"cookies"
"1454";"BETPOP_GR5A_P3";"BETPOP";"GR";"5A";"P3";2021;0,06604;"cookies"
"1518";"BETPOP_GR5B_P3";"BETPOP";"GR";"5B";"P3";2021;0,188806666666667;"cookies"
"1459";"BETPOP_GR5A_P3";"BETPOP";"GR";"5A";"P3";2022;0,04572;"cookies"
"1523";"BETPOP_GR5B_P3";"BETPOP";"GR";"5B";"P3";2022;0,13716;"cookies"
"1464";"BETPOP_GR5A_P3";"BETPOP";"GR";"5A";"P3";2023;0,0973666666666667;"cookies"
"1528";"BETPOP_GR5B_P3";"BETPOP";"GR";"5B";"P3";2023;0,369993333333333;"cookies"
"1322";"BETPOP_GR3_P6";"BETPOP";"GR";"3";"P6";2016;0,171873333333333;"cookiesUnconfident"
"1366";"BETPOP_GR5_P6";"BETPOP";"GR";"5";"P6";2016;0,11938;"cookies"
"1325";"BETPOP_GR3_P6";"BETPOP";"GR";"3";"P6";2017;0,375073333333333;"cookiesUnconfident"
"1369";"BETPOP_GR5_P6";"BETPOP";"GR";"5";"P6";2017;0,37084;"cookies"
"1328";"BETPOP_GR3_P6";"BETPOP";"GR";"3";"P6";2018;0,552026666666667;"cookiesUnconfident"
"1374";"BETPOP_GR5_P6";"BETPOP";"GR";"5";"P6";2018;0,613833333333333;"cookies"
"1331";"BETPOP_GR3_P6";"BETPOP";"GR";"3";"P6";2019;0,3175;"cookiesUnconfident"
"1379";"BETPOP_GR5_P6";"BETPOP";"GR";"5";"P6";2019;0,419946666666667;"cookies"
"1334";"BETPOP_GR3_P6";"BETPOP";"GR";"3";"P6";2020;0,189653333333333;"cookiesUnconfident"
"1384";"BETPOP_GR5_P6";"BETPOP";"GR";"5";"P6";2020;0,150706666666667;"cookies"
"1337";"BETPOP_GR3_P6";"BETPOP";"GR";"3";"P6";2021;0,1016;"cookiesUnconfident"
"1389";"BETPOP_GR5_P6";"BETPOP";"GR";"5";"P6";2021;0,149013333333333;"cookies"
"1340";"BETPOP_GR3_P6";"BETPOP";"GR";"3";"P6";2022;0,1143;"cookiesUnconfident"
"1394";"BETPOP_GR5_P6";"BETPOP";"GR";"5";"P6";2022;0,0905933333333333;"cookies"
"1399";"BETPOP_GR5_P6";"BETPOP";"GR";"5";"P6";2023;0,254;"cookies"
"1642";"BETPOP_HF3_P1";"BETPOP";"HF";"3";"P1";2016;0,49276;"cookies"
"1644";"BETPOP_HF3_P1";"BETPOP";"HF";"3";"P1";2017;0,354753333333333;"cookies"
"1647";"BETPOP_HF3_P1";"BETPOP";"HF";"3";"P1";2018;0,49022;"cookies"
"1650";"BETPOP_HF3_P1";"BETPOP";"HF";"3";"P1";2019;0,546946666666667;"cookies"
"1653";"BETPOP_HF3_P1";"BETPOP";"HF";"3";"P1";2020;0,270086666666667;"cookies"
"1656";"BETPOP_HF3_P1";"BETPOP";"HF";"3";"P1";2021;0,50292;"cookies"
"1659";"BETPOP_HF3_P1";"BETPOP";"HF";"3";"P1";2022;0,253365;"cookies"
"1663";"BETPOP_HF3_P1";"BETPOP";"HF";"3";"P1";2023;0,4572;"cookies"
"1552";"BETPOP_HF1_P2";"BETPOP";"HF";"1";"P2";2016;0,51054;"cookies"
"1618";"BETPOP_HF16A_P2";"BETPOP";"HF";"16";"P2";2016;0,1143;"cookies"
"1555";"BETPOP_HF1_P2";"BETPOP";"HF";"1";"P2";2017;0,186266666666667;"cookies"
"1621";"BETPOP_HF16A_P2";"BETPOP";"HF";"16";"P2";2017;0,423333333333333;"cookies"
"1560";"BETPOP_HF1_P2";"BETPOP";"HF";"1";"P2";2018;0,508;"cookies"
"1624";"BETPOP_HF16A_P2";"BETPOP";"HF";"16";"P2";2018;1,08458;"cookies"
"1565";"BETPOP_HF1_P2";"BETPOP";"HF";"1";"P2";2019;0,407246666666667;"cookies"
"1627";"BETPOP_HF16A_P2";"BETPOP";"HF";"16";"P2";2019;0,521546666666667;"cookies"
"1570";"BETPOP_HF1_P2";"BETPOP";"HF";"1";"P2";2020;0,179493333333333;"cookies"
"1630";"BETPOP_HF16A_P2";"BETPOP";"HF";"16";"P2";2020;0,22352;"cookies"
"1575";"BETPOP_HF1_P2";"BETPOP";"HF";"1";"P2";2021;0,28702;"cookies"
"1633";"BETPOP_HF16A_P2";"BETPOP";"HF";"16";"P2";2021;0,800946666666667;"cookies"
"1580";"BETPOP_HF1_P2";"BETPOP";"HF";"1";"P2";2022;0,138006666666667;"cookies"
"1636";"BETPOP_HF16A_P2";"BETPOP";"HF";"16";"P2";2022;0,351366666666667;"cookies"
"1585";"BETPOP_HF1_P2";"BETPOP";"HF";"1";"P2";2023;0,315806666666667;"cookies"
"1639";"BETPOP_HF16A_P2";"BETPOP";"HF";"16";"P2";2023;1,07611333333333;"cookies"
"1588";"BETPOP_HF1_P3";"BETPOP";"HF";"1";"P3";2017;0,376766666666667;"cookies"
"1591";"BETPOP_HF1_P3";"BETPOP";"HF";"1";"P3";2018;0,690033333333333;"cookies"
"1596";"BETPOP_HF1_P3";"BETPOP";"HF";"1";"P3";2019;0,60198;"cookies"
"1601";"BETPOP_HF1_P3";"BETPOP";"HF";"1";"P3";2020;0,287866666666667;"cookies"
"1606";"BETPOP_HF1_P3";"BETPOP";"HF";"1";"P3";2021;0,42926;"cookies"
"1611";"BETPOP_HF1_P3";"BETPOP";"HF";"1";"P3";2022;0,16002;"cookies"
"1615";"BETPOP_HF1_P3";"BETPOP";"HF";"1";"P3";2023;0,357293333333333;"cookies"
"1684";"BETPOP_HF3B_P6";"BETPOP";"HF";"3B";"P6";2015;0,39116;"cookies"
"1689";"BETPOP_HF3B_P6";"BETPOP";"HF";"3B";"P6";2016;0,315806666666667;"cookies"
"1754";"BETPOP_HF5_P6";"BETPOP";"HF";"5";"P6";2016;0,32258;"coresWithoutCookies"
"1768";"BETPOP_HFNA_P6";"BETPOP";"HF";"NA";"P6";2016;0,0889;"cookies"
"1694";"BETPOP_HF3B_P6";"BETPOP";"HF";"3B";"P6";2017;0,298873333333333;"cookies"
"1756";"BETPOP_HF5_P6";"BETPOP";"HF";"5";"P6";2017;0,635;"coresWithoutCookies"
"1771";"BETPOP_HFNA_P6";"BETPOP";"HF";"NA";"P6";2017;0,219286666666667;"cookies"
"1666";"BETPOP_HF3A_P6";"BETPOP";"HF";"3A";"P6";2018;0,450426666666667;"cookies"
"1699";"BETPOP_HF3B_P6";"BETPOP";"HF";"3B";"P6";2018;0,54102;"cookies"
"1758";"BETPOP_HF5_P6";"BETPOP";"HF";"5";"P6";2018;0,93345;"coresWithoutCookies"
"1774";"BETPOP_HFNA_P6";"BETPOP";"HF";"NA";"P6";2018;0,283633333333333;"cookies"
"1669";"BETPOP_HF3A_P6";"BETPOP";"HF";"3A";"P6";2019;0,296333333333333;"cookies"
"1704";"BETPOP_HF3B_P6";"BETPOP";"HF";"3B";"P6";2019;0,4064;"cookies"
"1760";"BETPOP_HF5_P6";"BETPOP";"HF";"5";"P6";2019;0,64897;"coresWithoutCookies"
"1777";"BETPOP_HFNA_P6";"BETPOP";"HF";"NA";"P6";2019;0,18288;"cookies"
"1672";"BETPOP_HF3A_P6";"BETPOP";"HF";"3A";"P6";2020;0,25654;"cookies"
"1709";"BETPOP_HF3B_P6";"BETPOP";"HF";"3B";"P6";2020;0,173566666666667;"cookies"
"1762";"BETPOP_HF5_P6";"BETPOP";"HF";"5";"P6";2020;0,21717;"coresWithoutCookies"
"1780";"BETPOP_HFNA_P6";"BETPOP";"HF";"NA";"P6";2020;0,0575733333333333;"cookies"
"1675";"BETPOP_HF3A_P6";"BETPOP";"HF";"3A";"P6";2021;0,51816;"cookies"
"1714";"BETPOP_HF3B_P6";"BETPOP";"HF";"3B";"P6";2021;0,587586666666667;"cookies"
"1764";"BETPOP_HF5_P6";"BETPOP";"HF";"5";"P6";2021;0,46609;"coresWithoutCookies"
"1783";"BETPOP_HFNA_P6";"BETPOP";"HF";"NA";"P6";2021;0,143086666666667;"cookies"
"1678";"BETPOP_HF3A_P6";"BETPOP";"HF";"3A";"P6";2022;0,16002;"cookies"
"1719";"BETPOP_HF3B_P6";"BETPOP";"HF";"3B";"P6";2022;0,158326666666667;"cookies"
"1766";"BETPOP_HF5_P6";"BETPOP";"HF";"5";"P6";2022;0,15113;"coresWithoutCookies"
"1786";"BETPOP_HFNA_P6";"BETPOP";"HF";"NA";"P6";2022;0,04826;"cookies"
"1681";"BETPOP_HF3A_P6";"BETPOP";"HF";"3A";"P6";2023;0,552026666666667;"cookies"
"1724";"BETPOP_HF3B_P6";"BETPOP";"HF";"3B";"P6";2023;0,182033333333333;"cookies"
"1789";"BETPOP_HFNA_P6";"BETPOP";"HF";"NA";"P6";2023;0,117686666666667;"cookies"
"1727";"BETPOP_HF4_P9";"BETPOP";"HF";"4";"P9";2015;0,338666666666667;"cookies"
"1730";"BETPOP_HF4_P9";"BETPOP";"HF";"4";"P9";2016;0,408093333333333;"cookies"
"1733";"BETPOP_HF4_P9";"BETPOP";"HF";"4";"P9";2017;0,13208;"cookies"
"1736";"BETPOP_HF4_P9";"BETPOP";"HF";"4";"P9";2018;0,412326666666667;"cookies"
"1739";"BETPOP_HF4_P9";"BETPOP";"HF";"4";"P9";2019;0,272626666666667;"cookies"
"1742";"BETPOP_HF4_P9";"BETPOP";"HF";"4";"P9";2020;0,268393333333333;"cookies"
"1745";"BETPOP_HF4_P9";"BETPOP";"HF";"4";"P9";2021;0,496993333333333;"cookies"
"1748";"BETPOP_HF4_P9";"BETPOP";"HF";"4";"P9";2022;0,216746666666667;"cookies"
"1751";"BETPOP_HF4_P9";"BETPOP";"HF";"4";"P9";2023;0,43434;"cookies"
"1792";"BETPOP_WM7_P1";"BETPOP";"WM";"7";"P1";2017;0,552026666666667;"cookies"
"1795";"BETPOP_WM7_P1";"BETPOP";"WM";"7";"P1";2018;0,84074;"cookies"
"1798";"BETPOP_WM7_P1";"BETPOP";"WM";"7";"P1";2019;0,636693333333333;"cookies"
"1801";"BETPOP_WM7_P1";"BETPOP";"WM";"7";"P1";2020;0,366606666666667;"cookies"
"1804";"BETPOP_WM7_P1";"BETPOP";"WM";"7";"P1";2021;0,499533333333333;"cookies"
"1807";"BETPOP_WM7_P1";"BETPOP";"WM";"7";"P1";2022;0,140546666666667;"cookies"
"1810";"BETPOP_WM7_P1";"BETPOP";"WM";"7";"P1";2023;0,273473333333333;"cookies"
"1961";"BETPOP_WM8_P15";"BETPOP";"WM";"8";"P15";2016;0,28448;"cookies"
"1813";"BETPOP_WM7_P15";"BETPOP";"WM";"7";"P15";2017;0,1016;"cookies"
"1966";"BETPOP_WM8_P15";"BETPOP";"WM";"8";"P15";2017;0,479213333333333;"cookies"
"2038";"BETPOP_WM9_P15";"BETPOP";"WM";"9";"P15";2017;0,149013333333333;"cookies"
"1816";"BETPOP_WM7_P15";"BETPOP";"WM";"7";"P15";2018;0,674793333333333;"cookies"
"1971";"BETPOP_WM8_P15";"BETPOP";"WM";"8";"P15";2018;0,38354;"cookies"
"2041";"BETPOP_WM9_P15";"BETPOP";"WM";"9";"P15";2018;0,31242;"cookies"
"1819";"BETPOP_WM7_P15";"BETPOP";"WM";"7";"P15";2019;0,811953333333333;"cookies"
"1976";"BETPOP_WM8_P15";"BETPOP";"WM";"8";"P15";2019;0,590973333333333;"cookies"
"2044";"BETPOP_WM9_P15";"BETPOP";"WM";"9";"P15";2019;0,310726666666667;"cookies"
"1822";"BETPOP_WM7_P15";"BETPOP";"WM";"7";"P15";2020;0,414866666666667;"cookies"
"1981";"BETPOP_WM8_P15";"BETPOP";"WM";"8";"P15";2020;0,0753533333333333;"cookies"
"2047";"BETPOP_WM9_P15";"BETPOP";"WM";"9";"P15";2020;0,280246666666667;"cookies"
"1825";"BETPOP_WM7_P15";"BETPOP";"WM";"7";"P15";2021;0,54864;"cookies"
"1986";"BETPOP_WM8_P15";"BETPOP";"WM";"8";"P15";2021;0,574886666666667;"cookies"
"2050";"BETPOP_WM9_P15";"BETPOP";"WM";"9";"P15";2021;0,70358;"cookies"
"1828";"BETPOP_WM7_P15";"BETPOP";"WM";"7";"P15";2022;0,804333333333333;"cookies"
"1991";"BETPOP_WM8_P15";"BETPOP";"WM";"8";"P15";2022;0,215053333333333;"cookies"
"2053";"BETPOP_WM9_P15";"BETPOP";"WM";"9";"P15";2022;0,17526;"cookies"
"1996";"BETPOP_WM8_P15";"BETPOP";"WM";"8";"P15";2023;0,74422;"cookies"
"1999";"BETPOP_WM8_P16";"BETPOP";"WM";"8";"P16";2017;0,318346666666667;"cookies"
"2002";"BETPOP_WM8_P16";"BETPOP";"WM";"8";"P16";2018;0,323426666666667;"cookies"
"2005";"BETPOP_WM8_P16";"BETPOP";"WM";"8";"P16";2019;0,281093333333333;"cookies"
"2008";"BETPOP_WM8_P16";"BETPOP";"WM";"8";"P16";2020;0,46228;"cookies"
"2011";"BETPOP_WM8_P16";"BETPOP";"WM";"8";"P16";2021;0,62738;"cookies"
"2014";"BETPOP_WM8_P16";"BETPOP";"WM";"8";"P16";2022;0,158326666666667;"cookies"
"1831";"BETPOP_WM7_P2";"BETPOP";"WM";"7";"P2";2016;0,140546666666667;"cookies"
"1835";"BETPOP_WM7_P2";"BETPOP";"WM";"7";"P2";2017;0,915246666666667;"cookies"
"1839";"BETPOP_WM7_P2";"BETPOP";"WM";"7";"P2";2018;1,34366;"cookies"
"1843";"BETPOP_WM7_P2";"BETPOP";"WM";"7";"P2";2019;0,701886666666667;"cookies"
"1847";"BETPOP_WM7_P2";"BETPOP";"WM";"7";"P2";2020;0,37338;"cookies"
"1851";"BETPOP_WM7_P2";"BETPOP";"WM";"7";"P2";2021;0,817033333333333;"cookies"
"1855";"BETPOP_WM7_P2";"BETPOP";"WM";"7";"P2";2022;0,28194;"cookies"
"1859";"BETPOP_WM7_P2";"BETPOP";"WM";"7";"P2";2023;0,623146666666667;"cookies"
"1862";"BETPOP_WM7_P3";"BETPOP";"WM";"7";"P3";2016;0,12446;"cookies"
"1867";"BETPOP_WM7_P3";"BETPOP";"WM";"7";"P3";2017;0,959273333333333;"cookies"
"1872";"BETPOP_WM7_P3";"BETPOP";"WM";"7";"P3";2018;1,35466666666667;"cookies"
"1877";"BETPOP_WM7_P3";"BETPOP";"WM";"7";"P3";2019;0,91694;"cookies"
"1882";"BETPOP_WM7_P3";"BETPOP";"WM";"7";"P3";2020;0,38862;"cookies"
"1887";"BETPOP_WM7_P3";"BETPOP";"WM";"7";"P3";2021;0,699346666666667;"cookies"
"1892";"BETPOP_WM7_P3";"BETPOP";"WM";"7";"P3";2022;0,217593333333333;"cookies"
"1897";"BETPOP_WM7_P3";"BETPOP";"WM";"7";"P3";2023;0,626533333333333;"cookies"
"1900";"BETPOP_WM7_P6";"BETPOP";"WM";"7";"P6";2017;0,56896;"cookies"
"1905";"BETPOP_WM7_P6";"BETPOP";"WM";"7";"P6";2018;0,606213333333333;"cookies"
"1910";"BETPOP_WM7_P6";"BETPOP";"WM";"7";"P6";2019;0,470746666666667;"cookies"
"1915";"BETPOP_WM7_P6";"BETPOP";"WM";"7";"P6";2020;0,339513333333333;"cookies"
"1920";"BETPOP_WM7_P6";"BETPOP";"WM";"7";"P6";2021;0,57404;"cookies"
"1925";"BETPOP_WM7_P6";"BETPOP";"WM";"7";"P6";2022;0,225213333333333;"cookies"
"1930";"BETPOP_WM7_P6";"BETPOP";"WM";"7";"P6";2023;0,465666666666667;"cookies"
"1933";"BETPOP_WM7_P9";"BETPOP";"WM";"7";"P9";2016;0,0728133333333333;"cookies"
"1936";"BETPOP_WM7_P9";"BETPOP";"WM";"7";"P9";2017;0,385233333333333;"cookies"
"1939";"BETPOP_WM7_P9";"BETPOP";"WM";"7";"P9";2018;0,70358;"cookies"
"1942";"BETPOP_WM7_P9";"BETPOP";"WM";"7";"P9";2019;0,63246;"cookies"
"1946";"BETPOP_WM7_P9";"BETPOP";"WM";"7";"P9";2020;0,806873333333333;"cookies"
"1950";"BETPOP_WM7_P9";"BETPOP";"WM";"7";"P9";2021;1,0033;"cookies"
"1954";"BETPOP_WM7_P9";"BETPOP";"WM";"7";"P9";2022;0,281093333333333;"cookies"
"1958";"BETPOP_WM7_P9";"BETPOP";"WM";"7";"P9";2023;0,5969;"cookies"
"2017";"BETPOP_WM8_PNA";"BETPOP";"WM";"8";"PNA";2017;0,592666666666667;"cookies"
"2020";"BETPOP_WM8_PNA";"BETPOP";"WM";"8";"PNA";2018;0,405553333333333;"cookies"
"2023";"BETPOP_WM8_PNA";"BETPOP";"WM";"8";"PNA";2019;0,257386666666667;"cookies"
"2026";"BETPOP_WM8_PNA";"BETPOP";"WM";"8";"PNA";2020;0,475826666666667;"cookies"
"2029";"BETPOP_WM8_PNA";"BETPOP";"WM";"8";"PNA";2021;0,66548;"cookies"
"2032";"BETPOP_WM8_PNA";"BETPOP";"WM";"8";"PNA";2022;0,16764;"cookies"
"2035";"BETPOP_WM8_PNA";"BETPOP";"WM";"8";"PNA";2023;0,788246666666667;"cookies"
"2056";"BETPOP_XX_P3";"BETPOP";"XX";"";"P3";2017;0,75184;"cookies"
"2061";"BETPOP_XX_P3";"BETPOP";"XX";"";"P3";2018;1,05325333333333;"cookies"
"2066";"BETPOP_XX_P3";"BETPOP";"XX";"";"P3";2019;0,847513333333333;"cookies"
"2071";"BETPOP_XX_P3";"BETPOP";"XX";"";"P3";2020;0,27686;"cookies"
"2076";"BETPOP_XX_P3";"BETPOP";"XX";"";"P3";2021;0,75184;"cookies"
"2081";"BETPOP_XX_P3";"BETPOP";"XX";"";"P3";2022;0,209973333333333;"cookies"
"2086";"BETPOP_XX_P3";"BETPOP";"XX";"";"P3";2023;0,547793333333333;"cookies"
"2089";"QUERNA_HF19_NA";"QUERNA";"HF";"19";"NA";2018;0,4318;"cookies"
"2092";"QUERNA_HF19_NA";"QUERNA";"HF";"19";"NA";2019;0,211666666666667;"cookies"
"2095";"QUERNA_HF19_NA";"QUERNA";"HF";"19";"NA";2020;0,10414;"cookies"
"2098";"QUERNA_HF19_NA";"QUERNA";"HF";"19";"NA";2021;0,21336;"cookies"
"2101";"QUERNA_HF19_NA";"QUERNA";"HF";"19";"NA";2022;0,37084;"cookies"
"2104";"QUEROB_HF19_1of2";"QUEROB";"HF";"19";"1of2";2017;0,395393333333333;"cookies"
"2107";"QUEROB_HF19_1of2";"QUEROB";"HF";"19";"1of2";2018;0,501226666666667;"cookies"
"2110";"QUEROB_HF19_1of2";"QUEROB";"HF";"19";"1of2";2019;0,1651;"cookies"
"2113";"QUEROB_HF19_1of2";"QUEROB";"HF";"19";"1of2";2020;0,587586666666667;"cookies"
"2116";"QUEROB_HF19_1of2";"QUEROB";"HF";"19";"1of2";2021;0,384386666666667;"cookies"
"2119";"QUEROB_HF19_1of2";"QUEROB";"HF";"19";"1of2";2022;0,676486666666667;"cookies"
